{
    "status": "success",
    "message": "get_order response",
    "data": {
        "api": "ats",
        "action": "get_order",
        "result": {
            "order": {
                "alias": "wb",
                "definition": "web shop order",
                "id": "62744",
                "number": "20003612",
                "created": "21-08-2020 11:39:05",
                "status": "confirmed",
                "products_count": 0,
                "products_quantity": 0,
                "products_canceled_count": 0,
                "products_canceled_quantity": 0,
                "currency": "euro",
                "amount": 0,
                "vat_percent": 0,
                "total_amount": 0,
                "comment": "",
                "manager_comment": null
            },
            "products": [
                {
                    "cart_id": "294614",
                    "product_id": "7077431",
                    "product_code": "03L198119F",
                    "product_title": "Rep.Satz",
                    "product_weight": "1.76",
                    "product_land_code": "DE",
                    "product_customs_number": "0",
                    "product_pack_min": "",
                    "producer_id": "217",
                    "producer_name": "VAG",
                    "discount_group_name": "01",
                    "price_id": 0,
                    "price_comment": "Preis  (08.2020)",
                    "comment": "",
                    "manager_comment": "",
                    "net_price": 107.90000000000001,
                    "quantity": "3",
                    "net_sum": 323.69999999999999,
                    "status": "confirmed",
                    "confirmed_data": [
                        {
                            "position_id": "189131",
                            "proforma_id": "62825",
                            "proforma_number": "20003795",
                            "product_id": "7077431",
                            "product_code": "03L198119F",
                            "product_title": "Rep.Satz",
                            "product_weight": "1.76",
                            "product_land_code": "DE",
                            "product_customs_number": "0",
                            "product_pack_min": "",
                            "producer_id": "217",
                            "producer_name": "VAG",
                            "discount_group_name": "01",
                            "price_comment": "Preis  (08.2020)",
                            "comment": "",
                            "manager_comment": "",
                            "net_price": 107.90000000000001,
                            "quantity": "3",
                            "net_sum": 323.69999999999999,
                            "status": "in_order",
                            "in_order_data": [
                                {
                                    "quantity": "3",
                                    "order_date_from": "21-08-2020",
                                    "status": "in_stock",
                                    "in_stock_data": [
                                        {
                                            "le_id": "167641",
                                            "quantity": "3",
                                            "entrance_date": "03-09-2020",
                                            "status": "packed",
                                            "packed_data": [
                                                {
                                                    "position_id": "166236",
                                                    "quantity": "3",
                                                    "pallet_number": "3052",
                                                    "packaging date": "07-09-2020",
                                                    "sending_status": "sent",
                                                    "delivery_note_status": "recorded",
                                                    "sending_data": {
                                                        "departure_id": "64779",
                                                        "departure_number": "2093",
                                                        "departure_date": "07-09-2020",
                                                        "departure_comment": "4 Cart.+8 Packstuck",
                                                        "departure_status": "confirmed"
                                                    },
                                                    "delivery_note_data": {
                                                        "position_id": "171341",
                                                        "delivery_note_id": "64799",
                                                        "delivery_note_number": "20001623",
                                                        "net_price": 107.90000000000001,
                                                        "quantity": "3",
                                                        "net_sum": 323.69999999999999,
                                                        "manager_comment": "",
                                                        "invoice_status": "billed",
                                                        "invoice_data": {
                                                            "alias": "re",
                                                            "definition": "invoice",
                                                            "invoice_id": "64797",
                                                            "invoice_number": "20001152",
                                                            "status": "confirmed"
                                                        }
                                                    }
                                                }
                                            ]
                                        }
                                    ]
                                }
                            ]
                        }
                    ]
                },
                {
                    "cart_id": "294629",
                    "product_id": "7313794",
                    "product_code": "4M0698151AP",
                    "product_title": "BREMSBELAG",
                    "product_weight": "3.008",
                    "product_land_code": "DE",
                    "product_customs_number": "",
                    "product_pack_min": "",
                    "producer_id": "217",
                    "producer_name": "VAG",
                    "discount_group_name": "02",
                    "price_id": 0,
                    "price_comment": "Preis  (08.2020)",
                    "comment": "",
                    "manager_comment": "",
                    "net_price": 109.83,
                    "quantity": "1",
                    "net_sum": 109.83,
                    "status": "confirmed",
                    "confirmed_data": [
                        {
                            "position_id": "189121",
                            "proforma_id": "62825",
                            "proforma_number": "20003795",
                            "product_id": "7313794",
                            "product_code": "4M0698151AP",
                            "product_title": "BREMSBELAG",
                            "product_weight": "3.008",
                            "product_land_code": "DE",
                            "product_customs_number": "",
                            "product_pack_min": "",
                            "producer_id": "217",
                            "producer_name": "VAG",
                            "discount_group_name": "02",
                            "price_comment": "Preis  (08.2020)",
                            "comment": "",
                            "manager_comment": "",
                            "net_price": 109.83,
                            "quantity": "1",
                            "net_sum": 109.83,
                            "status": "in_order",
                            "in_order_data": [
                                {
                                    "quantity": "1",
                                    "order_date_from": "21-08-2020",
                                    "status": "in_stock",
                                    "in_stock_data": [
                                        {
                                            "le_id": "167692",
                                            "quantity": "1",
                                            "entrance_date": "03-09-2020",
                                            "status": "packed",
                                            "packed_data": [
                                                {
                                                    "position_id": "166233",
                                                    "quantity": "1",
                                                    "pallet_number": "3051",
                                                    "packaging date": "07-09-2020",
                                                    "sending_status": "sent",
                                                    "delivery_note_status": "recorded",
                                                    "sending_data": {
                                                        "departure_id": "64779",
                                                        "departure_number": "2093",
                                                        "departure_date": "07-09-2020",
                                                        "departure_comment": "4 Cart.+8 Packstuck",
                                                        "departure_status": "confirmed"
                                                    },
                                                    "delivery_note_data": {
                                                        "position_id": "171336",
                                                        "delivery_note_id": "64798",
                                                        "delivery_note_number": "20001622",
                                                        "net_price": 109.83,
                                                        "quantity": "1",
                                                        "net_sum": 109.83,
                                                        "manager_comment": "",
                                                        "invoice_status": "billed",
                                                        "invoice_data": {
                                                            "alias": "re",
                                                            "definition": "invoice",
                                                            "invoice_id": "64797",
                                                            "invoice_number": "20001152",
                                                            "status": "confirmed"
                                                        }
                                                    }
                                                }
                                            ]
                                        }
                                    ]
                                }
                            ]
                        }
                    ]
                },
                {
                    "cart_id": "294633",
                    "product_id": "7569040",
                    "product_code": "8W0698451S",
                    "product_title": "BREMSBELAG",
                    "product_weight": "1.517",
                    "product_land_code": "DE",
                    "product_customs_number": "",
                    "product_pack_min": "",
                    "producer_id": "217",
                    "producer_name": "VAG",
                    "discount_group_name": "02",
                    "price_id": 0,
                    "price_comment": "Preis  (08.2020)",
                    "comment": "",
                    "manager_comment": "",
                    "net_price": 57.539999999999999,
                    "quantity": "2",
                    "net_sum": 115.08,
                    "status": "confirmed",
                    "confirmed_data": [
                        {
                            "position_id": "189122",
                            "proforma_id": "62825",
                            "proforma_number": "20003795",
                            "product_id": "7569040",
                            "product_code": "8W0698451S",
                            "product_title": "BREMSBELAG",
                            "product_weight": "1.517",
                            "product_land_code": "DE",
                            "product_customs_number": "",
                            "product_pack_min": "",
                            "producer_id": "217",
                            "producer_name": "VAG",
                            "discount_group_name": "02",
                            "price_comment": "Preis  (08.2020)",
                            "comment": "",
                            "manager_comment": "",
                            "net_price": 57.539999999999999,
                            "quantity": "2",
                            "net_sum": 115.08,
                            "status": "in_order",
                            "in_order_data": [
                                {
                                    "quantity": "2",
                                    "order_date_from": "21-08-2020",
                                    "status": "in_stock",
                                    "in_stock_data": [
                                        {
                                            "le_id": "167689",
                                            "quantity": "2",
                                            "entrance_date": "03-09-2020",
                                            "status": "packed",
                                            "packed_data": [
                                                {
                                                    "position_id": "166235",
                                                    "quantity": "2",
                                                    "pallet_number": "3051",
                                                    "packaging date": "07-09-2020",
                                                    "sending_status": "sent",
                                                    "delivery_note_status": "recorded",
                                                    "sending_data": {
                                                        "departure_id": "64779",
                                                        "departure_number": "2093",
                                                        "departure_date": "07-09-2020",
                                                        "departure_comment": "4 Cart.+8 Packstuck",
                                                        "departure_status": "confirmed"
                                                    },
                                                    "delivery_note_data": {
                                                        "position_id": "171338",
                                                        "delivery_note_id": "64798",
                                                        "delivery_note_number": "20001622",
                                                        "net_price": 57.539999999999999,
                                                        "quantity": "2",
                                                        "net_sum": 115.08,
                                                        "manager_comment": "",
                                                        "invoice_status": "billed",
                                                        "invoice_data": {
                                                            "alias": "re",
                                                            "definition": "invoice",
                                                            "invoice_id": "64797",
                                                            "invoice_number": "20001152",
                                                            "status": "confirmed"
                                                        }
                                                    }
                                                }
                                            ]
                                        }
                                    ]
                                }
                            ]
                        }
                    ]
                },
                {
                    "cart_id": "294649",
                    "product_id": "7469573",
                    "product_code": "7P0698151D",
                    "product_title": "BREMSBELAG",
                    "product_weight": "4.089",
                    "product_land_code": "DE",
                    "product_customs_number": "",
                    "product_pack_min": "",
                    "producer_id": "217",
                    "producer_name": "VAG",
                    "discount_group_name": "02",
                    "price_id": 0,
                    "price_comment": "Preis  (08.2020)",
                    "comment": "",
                    "manager_comment": "",
                    "net_price": 127.13,
                    "quantity": "1",
                    "net_sum": 127.13,
                    "status": "confirmed",
                    "confirmed_data": [
                        {
                            "position_id": "189123",
                            "proforma_id": "62825",
                            "proforma_number": "20003795",
                            "product_id": "7469573",
                            "product_code": "7P0698151D",
                            "product_title": "BREMSBELAG",
                            "product_weight": "4.089",
                            "product_land_code": "DE",
                            "product_customs_number": "",
                            "product_pack_min": "",
                            "producer_id": "217",
                            "producer_name": "VAG",
                            "discount_group_name": "02",
                            "price_comment": "Preis  (08.2020)",
                            "comment": "",
                            "manager_comment": "",
                            "net_price": 127.13,
                            "quantity": "1",
                            "net_sum": 127.13,
                            "status": "in_order",
                            "in_order_data": [
                                {
                                    "quantity": "1",
                                    "order_date_from": "21-08-2020",
                                    "status": "in_stock",
                                    "in_stock_data": [
                                        {
                                            "le_id": "167691",
                                            "quantity": "1",
                                            "entrance_date": "03-09-2020",
                                            "status": "packed",
                                            "packed_data": [
                                                {
                                                    "position_id": "166234",
                                                    "quantity": "1",
                                                    "pallet_number": "3051",
                                                    "packaging date": "07-09-2020",
                                                    "sending_status": "sent",
                                                    "delivery_note_status": "recorded",
                                                    "sending_data": {
                                                        "departure_id": "64779",
                                                        "departure_number": "2093",
                                                        "departure_date": "07-09-2020",
                                                        "departure_comment": "4 Cart.+8 Packstuck",
                                                        "departure_status": "confirmed"
                                                    },
                                                    "delivery_note_data": {
                                                        "position_id": "171337",
                                                        "delivery_note_id": "64798",
                                                        "delivery_note_number": "20001622",
                                                        "net_price": 127.13,
                                                        "quantity": "1",
                                                        "net_sum": 127.13,
                                                        "manager_comment": "",
                                                        "invoice_status": "billed",
                                                        "invoice_data": {
                                                            "alias": "re",
                                                            "definition": "invoice",
                                                            "invoice_id": "64797",
                                                            "invoice_number": "20001152",
                                                            "status": "confirmed"
                                                        }
                                                    }
                                                }
                                            ]
                                        }
                                    ]
                                }
                            ]
                        }
                    ]
                },
                {
                    "cart_id": "294650",
                    "product_id": "7282595",
                    "product_code": "4H0615301AN",
                    "product_title": "BREMSSCHEI",
                    "product_weight": "13.257",
                    "product_land_code": "DE",
                    "product_customs_number": "",
                    "product_pack_min": "",
                    "producer_id": "217",
                    "producer_name": "VAG",
                    "discount_group_name": "02",
                    "price_id": 0,
                    "price_comment": "Preis  (08.2020)",
                    "comment": "",
                    "manager_comment": "",
                    "net_price": 170.40000000000001,
                    "quantity": "2",
                    "net_sum": 340.80000000000001,
                    "status": "confirmed",
                    "confirmed_data": [
                        {
                            "position_id": "189124",
                            "proforma_id": "62825",
                            "proforma_number": "20003795",
                            "product_id": "7282595",
                            "product_code": "4H0615301AN",
                            "product_title": "BREMSSCHEI",
                            "product_weight": "13.257",
                            "product_land_code": "DE",
                            "product_customs_number": "",
                            "product_pack_min": "",
                            "producer_id": "217",
                            "producer_name": "VAG",
                            "discount_group_name": "02",
                            "price_comment": "Preis  (08.2020)",
                            "comment": "",
                            "manager_comment": "",
                            "net_price": 170.40000000000001,
                            "quantity": "2",
                            "net_sum": 340.80000000000001,
                            "status": "in_order",
                            "in_order_data": [
                                {
                                    "quantity": "2",
                                    "order_date_from": "21-08-2020",
                                    "status": "in_stock",
                                    "in_stock_data": [
                                        {
                                            "le_id": "167747",
                                            "quantity": "2",
                                            "entrance_date": "03-09-2020",
                                            "status": "packed",
                                            "packed_data": [
                                                {
                                                    "position_id": "166244",
                                                    "quantity": "2",
                                                    "pallet_number": "3054",
                                                    "packaging date": "07-09-2020",
                                                    "sending_status": "sent",
                                                    "delivery_note_status": "recorded",
                                                    "sending_data": {
                                                        "departure_id": "64779",
                                                        "departure_number": "2093",
                                                        "departure_date": "07-09-2020",
                                                        "departure_comment": "4 Cart.+8 Packstuck",
                                                        "departure_status": "confirmed"
                                                    },
                                                    "delivery_note_data": {
                                                        "position_id": "171346",
                                                        "delivery_note_id": "64801",
                                                        "delivery_note_number": "20001625",
                                                        "net_price": 170.40000000000001,
                                                        "quantity": "2",
                                                        "net_sum": 340.80000000000001,
                                                        "manager_comment": "",
                                                        "invoice_status": "billed",
                                                        "invoice_data": {
                                                            "alias": "re",
                                                            "definition": "invoice",
                                                            "invoice_id": "64797",
                                                            "invoice_number": "20001152",
                                                            "status": "confirmed"
                                                        }
                                                    }
                                                }
                                            ]
                                        }
                                    ]
                                }
                            ]
                        }
                    ]
                },
                {
                    "cart_id": "294759",
                    "product_id": "7282617",
                    "product_code": "4H0615601P",
                    "product_title": "BREMSSCHEI",
                    "product_weight": "8.255",
                    "product_land_code": "DE",
                    "product_customs_number": "",
                    "product_pack_min": "",
                    "producer_id": "217",
                    "producer_name": "VAG",
                    "discount_group_name": "02",
                    "price_id": 0,
                    "price_comment": "Preis  (08.2020)",
                    "comment": "",
                    "manager_comment": "",
                    "net_price": 105.5,
                    "quantity": "2",
                    "net_sum": 211,
                    "status": "confirmed",
                    "confirmed_data": [
                        {
                            "position_id": "189125",
                            "proforma_id": "62825",
                            "proforma_number": "20003795",
                            "product_id": "7282617",
                            "product_code": "4H0615601P",
                            "product_title": "BREMSSCHEI",
                            "product_weight": "8.255",
                            "product_land_code": "DE",
                            "product_customs_number": "",
                            "product_pack_min": "",
                            "producer_id": "217",
                            "producer_name": "VAG",
                            "discount_group_name": "02",
                            "price_comment": "Preis  (08.2020)",
                            "comment": "",
                            "manager_comment": "",
                            "net_price": 105.5,
                            "quantity": "2",
                            "net_sum": 211,
                            "status": "in_order",
                            "in_order_data": [
                                {
                                    "quantity": "2",
                                    "order_date_from": "21-08-2020",
                                    "status": "in_stock",
                                    "in_stock_data": [
                                        {
                                            "le_id": "167736",
                                            "quantity": "2",
                                            "entrance_date": "03-09-2020",
                                            "status": "packed",
                                            "packed_data": [
                                                {
                                                    "position_id": "166241",
                                                    "quantity": "2",
                                                    "pallet_number": "3054",
                                                    "packaging date": "07-09-2020",
                                                    "sending_status": "sent",
                                                    "delivery_note_status": "recorded",
                                                    "sending_data": {
                                                        "departure_id": "64779",
                                                        "departure_number": "2093",
                                                        "departure_date": "07-09-2020",
                                                        "departure_comment": "4 Cart.+8 Packstuck",
                                                        "departure_status": "confirmed"
                                                    },
                                                    "delivery_note_data": {
                                                        "position_id": "171343",
                                                        "delivery_note_id": "64801",
                                                        "delivery_note_number": "20001625",
                                                        "net_price": 105.5,
                                                        "quantity": "2",
                                                        "net_sum": 211,
                                                        "manager_comment": "",
                                                        "invoice_status": "billed",
                                                        "invoice_data": {
                                                            "alias": "re",
                                                            "definition": "invoice",
                                                            "invoice_id": "64797",
                                                            "invoice_number": "20001152",
                                                            "status": "confirmed"
                                                        }
                                                    }
                                                }
                                            ]
                                        }
                                    ]
                                }
                            ]
                        }
                    ]
                },
                {
                    "cart_id": "294777",
                    "product_id": "7265598",
                    "product_code": "4G0615301T",
                    "product_title": "BREMSSCHEI",
                    "product_weight": "13.64",
                    "product_land_code": "DE",
                    "product_customs_number": "",
                    "product_pack_min": "",
                    "producer_id": "217",
                    "producer_name": "VAG",
                    "discount_group_name": "02",
                    "price_id": 0,
                    "price_comment": "Preis  (08.2020)",
                    "comment": "",
                    "manager_comment": "",
                    "net_price": 128.47,
                    "quantity": "2",
                    "net_sum": 256.94,
                    "status": "confirmed",
                    "confirmed_data": [
                        {
                            "position_id": "189126",
                            "proforma_id": "62825",
                            "proforma_number": "20003795",
                            "product_id": "7265598",
                            "product_code": "4G0615301T",
                            "product_title": "BREMSSCHEI",
                            "product_weight": "13.64",
                            "product_land_code": "DE",
                            "product_customs_number": "",
                            "product_pack_min": "",
                            "producer_id": "217",
                            "producer_name": "VAG",
                            "discount_group_name": "02",
                            "price_comment": "Preis  (08.2020)",
                            "comment": "",
                            "manager_comment": "",
                            "net_price": 128.47,
                            "quantity": "2",
                            "net_sum": 256.94,
                            "status": "in_order",
                            "in_order_data": [
                                {
                                    "quantity": "2",
                                    "order_date_from": "21-08-2020",
                                    "status": "in_stock",
                                    "in_stock_data": [
                                        {
                                            "le_id": "167738",
                                            "quantity": "2",
                                            "entrance_date": "03-09-2020",
                                            "status": "packed",
                                            "packed_data": [
                                                {
                                                    "position_id": "166242",
                                                    "quantity": "2",
                                                    "pallet_number": "3054",
                                                    "packaging date": "07-09-2020",
                                                    "sending_status": "sent",
                                                    "delivery_note_status": "recorded",
                                                    "sending_data": {
                                                        "departure_id": "64779",
                                                        "departure_number": "2093",
                                                        "departure_date": "07-09-2020",
                                                        "departure_comment": "4 Cart.+8 Packstuck",
                                                        "departure_status": "confirmed"
                                                    },
                                                    "delivery_note_data": {
                                                        "position_id": "171344",
                                                        "delivery_note_id": "64801",
                                                        "delivery_note_number": "20001625",
                                                        "net_price": 128.47,
                                                        "quantity": "2",
                                                        "net_sum": 256.94,
                                                        "manager_comment": "",
                                                        "invoice_status": "billed",
                                                        "invoice_data": {
                                                            "alias": "re",
                                                            "definition": "invoice",
                                                            "invoice_id": "64797",
                                                            "invoice_number": "20001152",
                                                            "status": "confirmed"
                                                        }
                                                    }
                                                }
                                            ]
                                        }
                                    ]
                                }
                            ]
                        }
                    ]
                },
                {
                    "cart_id": "294830",
                    "product_id": "7174945",
                    "product_code": "2H0698151A",
                    "product_title": "BREMSBELAG",
                    "product_weight": "2.6",
                    "product_land_code": "DE",
                    "product_customs_number": "0",
                    "product_pack_min": "",
                    "producer_id": "217",
                    "producer_name": "VAG",
                    "discount_group_name": "02",
                    "price_id": 0,
                    "price_comment": "Preis  (08.2020)",
                    "comment": "",
                    "manager_comment": "",
                    "net_price": 52.859999999999999,
                    "quantity": "1",
                    "net_sum": 52.859999999999999,
                    "status": "confirmed",
                    "confirmed_data": [
                        {
                            "position_id": "189127",
                            "proforma_id": "62825",
                            "proforma_number": "20003795",
                            "product_id": "7174945",
                            "product_code": "2H0698151A",
                            "product_title": "BREMSBELAG",
                            "product_weight": "2.6",
                            "product_land_code": "DE",
                            "product_customs_number": "0",
                            "product_pack_min": "",
                            "producer_id": "217",
                            "producer_name": "VAG",
                            "discount_group_name": "02",
                            "price_comment": "Preis  (08.2020)",
                            "comment": "",
                            "manager_comment": "",
                            "net_price": 52.859999999999999,
                            "quantity": "1",
                            "net_sum": 52.859999999999999,
                            "status": "in_order",
                            "in_order_data": [
                                {
                                    "quantity": "1",
                                    "order_date_from": "21-08-2020",
                                    "status": "in_stock",
                                    "in_stock_data": [
                                        {
                                            "le_id": "167690",
                                            "quantity": "1",
                                            "entrance_date": "03-09-2020",
                                            "status": "packed",
                                            "packed_data": [
                                                {
                                                    "position_id": "166238",
                                                    "quantity": "1",
                                                    "pallet_number": "3052",
                                                    "packaging date": "07-09-2020",
                                                    "sending_status": "sent",
                                                    "delivery_note_status": "recorded",
                                                    "sending_data": {
                                                        "departure_id": "64779",
                                                        "departure_number": "2093",
                                                        "departure_date": "07-09-2020",
                                                        "departure_comment": "4 Cart.+8 Packstuck",
                                                        "departure_status": "confirmed"
                                                    },
                                                    "delivery_note_data": {
                                                        "position_id": "171340",
                                                        "delivery_note_id": "64799",
                                                        "delivery_note_number": "20001623",
                                                        "net_price": 52.859999999999999,
                                                        "quantity": "1",
                                                        "net_sum": 52.859999999999999,
                                                        "manager_comment": "",
                                                        "invoice_status": "billed",
                                                        "invoice_data": {
                                                            "alias": "re",
                                                            "definition": "invoice",
                                                            "invoice_id": "64797",
                                                            "invoice_number": "20001152",
                                                            "status": "confirmed"
                                                        }
                                                    }
                                                }
                                            ]
                                        }
                                    ]
                                }
                            ]
                        }
                    ]
                },
                {
                    "cart_id": "294834",
                    "product_id": "7877725",
                    "product_code": "34119804735",
                    "product_title": "ERSATZTEILE",
                    "product_weight": "0",
                    "product_land_code": "DE",
                    "product_customs_number": "87083091",
                    "product_pack_min": "",
                    "producer_id": "1",
                    "producer_name": "BMW",
                    "discount_group_name": "50",
                    "price_id": 0,
                    "price_comment": "PREPAYMENT! Price 08.2020",
                    "comment": "",
                    "manager_comment": "",
                    "net_price": 61.619999999999997,
                    "quantity": "2",
                    "net_sum": 123.23999999999999,
                    "status": "confirmed",
                    "confirmed_data": [
                        {
                            "position_id": "189117",
                            "proforma_id": "62825",
                            "proforma_number": "20003795",
                            "product_id": "7877725",
                            "product_code": "34119804735",
                            "product_title": "ERSATZTEILE",
                            "product_weight": "0",
                            "product_land_code": "DE",
                            "product_customs_number": "87083091",
                            "product_pack_min": "",
                            "producer_id": "1",
                            "producer_name": "BMW",
                            "discount_group_name": "50",
                            "price_comment": "PREPAYMENT! Price 08.2020",
                            "comment": "",
                            "manager_comment": "",
                            "net_price": 61.619999999999997,
                            "quantity": "2",
                            "net_sum": 123.23999999999999,
                            "status": "in_order",
                            "in_order_data": [
                                {
                                    "quantity": "2",
                                    "order_date_from": "21-08-2020",
                                    "status": "in_stock",
                                    "in_stock_data": [
                                        {
                                            "le_id": "165841",
                                            "quantity": "2",
                                            "entrance_date": "27-08-2020",
                                            "status": "packed",
                                            "packed_data": [
                                                {
                                                    "position_id": "164526",
                                                    "quantity": "2",
                                                    "pallet_number": "3005",
                                                    "packaging date": "31-08-2020",
                                                    "sending_status": "sent",
                                                    "delivery_note_status": "recorded",
                                                    "sending_data": {
                                                        "departure_id": "63879",
                                                        "departure_number": "2076",
                                                        "departure_date": "31-08-2020",
                                                        "departure_comment": "2 Cart.",
                                                        "departure_status": "confirmed"
                                                    },
                                                    "delivery_note_data": {
                                                        "position_id": "169855",
                                                        "delivery_note_id": "63892",
                                                        "delivery_note_number": "20001578",
                                                        "net_price": 61.619999999999997,
                                                        "quantity": "2",
                                                        "net_sum": 123.23999999999999,
                                                        "manager_comment": "",
                                                        "invoice_status": "billed",
                                                        "invoice_data": {
                                                            "alias": "re",
                                                            "definition": "invoice",
                                                            "invoice_id": "63891",
                                                            "invoice_number": "20001133",
                                                            "status": "confirmed"
                                                        }
                                                    }
                                                }
                                            ]
                                        }
                                    ]
                                }
                            ]
                        }
                    ]
                },
                {
                    "cart_id": "294835",
                    "product_id": "7934665",
                    "product_code": "34119811537",
                    "product_title": "ERSATZTEILE",
                    "product_weight": "0",
                    "product_land_code": "DE",
                    "product_customs_number": "87083091",
                    "product_pack_min": "",
                    "producer_id": "1",
                    "producer_name": "BMW",
                    "discount_group_name": "43",
                    "price_id": 0,
                    "price_comment": "PREPAYMENT! Price 08.2020",
                    "comment": "",
                    "manager_comment": "",
                    "net_price": 45.780000000000001,
                    "quantity": "6",
                    "net_sum": 274.68000000000001,
                    "status": "confirmed",
                    "confirmed_data": [
                        {
                            "position_id": "189118",
                            "proforma_id": "62825",
                            "proforma_number": "20003795",
                            "product_id": "7934665",
                            "product_code": "34119811537",
                            "product_title": "ERSATZTEILE",
                            "product_weight": "0",
                            "product_land_code": "DE",
                            "product_customs_number": "87083091",
                            "product_pack_min": "",
                            "producer_id": "1",
                            "producer_name": "BMW",
                            "discount_group_name": "43",
                            "price_comment": "PREPAYMENT! Price 08.2020",
                            "comment": "",
                            "manager_comment": "",
                            "net_price": 45.780000000000001,
                            "quantity": "6",
                            "net_sum": 274.68000000000001,
                            "status": "in_order",
                            "in_order_data": [
                                {
                                    "quantity": "6",
                                    "order_date_from": "21-08-2020",
                                    "status": "in_stock",
                                    "in_stock_data": [
                                        {
                                            "le_id": "165820",
                                            "quantity": "6",
                                            "entrance_date": "27-08-2020",
                                            "status": "packed",
                                            "packed_data": [
                                                {
                                                    "position_id": "164523",
                                                    "quantity": "6",
                                                    "pallet_number": "3004",
                                                    "packaging date": "31-08-2020",
                                                    "sending_status": "sent",
                                                    "delivery_note_status": "recorded",
                                                    "sending_data": {
                                                        "departure_id": "63879",
                                                        "departure_number": "2076",
                                                        "departure_date": "31-08-2020",
                                                        "departure_comment": "2 Cart.",
                                                        "departure_status": "confirmed"
                                                    },
                                                    "delivery_note_data": {
                                                        "position_id": "169853",
                                                        "delivery_note_id": "63890",
                                                        "delivery_note_number": "20001577",
                                                        "net_price": 45.780000000000001,
                                                        "quantity": "6",
                                                        "net_sum": 274.68000000000001,
                                                        "manager_comment": "",
                                                        "invoice_status": "billed",
                                                        "invoice_data": {
                                                            "alias": "re",
                                                            "definition": "invoice",
                                                            "invoice_id": "63891",
                                                            "invoice_number": "20001133",
                                                            "status": "confirmed"
                                                        }
                                                    }
                                                }
                                            ]
                                        }
                                    ]
                                }
                            ]
                        }
                    ]
                },
                {
                    "cart_id": "294836",
                    "product_id": "7934667",
                    "product_code": "34219811539",
                    "product_title": "ERSATZTEILE",
                    "product_weight": "0",
                    "product_land_code": "DE",
                    "product_customs_number": "87083091",
                    "product_pack_min": "",
                    "producer_id": "1",
                    "producer_name": "BMW",
                    "discount_group_name": "43",
                    "price_id": 0,
                    "price_comment": "PREPAYMENT! Price 08.2020",
                    "comment": "",
                    "manager_comment": "",
                    "net_price": 32.109999999999999,
                    "quantity": "2",
                    "net_sum": 64.219999999999999,
                    "status": "confirmed",
                    "confirmed_data": [
                        {
                            "position_id": "189119",
                            "proforma_id": "62825",
                            "proforma_number": "20003795",
                            "product_id": "7934667",
                            "product_code": "34219811539",
                            "product_title": "ERSATZTEILE",
                            "product_weight": "0",
                            "product_land_code": "DE",
                            "product_customs_number": "87083091",
                            "product_pack_min": "",
                            "producer_id": "1",
                            "producer_name": "BMW",
                            "discount_group_name": "43",
                            "price_comment": "PREPAYMENT! Price 08.2020",
                            "comment": "",
                            "manager_comment": "",
                            "net_price": 32.109999999999999,
                            "quantity": "2",
                            "net_sum": 64.219999999999999,
                            "status": "in_order",
                            "in_order_data": [
                                {
                                    "quantity": "2",
                                    "order_date_from": "21-08-2020",
                                    "status": "in_stock",
                                    "in_stock_data": [
                                        {
                                            "le_id": "165821",
                                            "quantity": "2",
                                            "entrance_date": "27-08-2020",
                                            "status": "packed",
                                            "packed_data": [
                                                {
                                                    "position_id": "164524",
                                                    "quantity": "2",
                                                    "pallet_number": "3004",
                                                    "packaging date": "31-08-2020",
                                                    "sending_status": "sent",
                                                    "delivery_note_status": "recorded",
                                                    "sending_data": {
                                                        "departure_id": "63879",
                                                        "departure_number": "2076",
                                                        "departure_date": "31-08-2020",
                                                        "departure_comment": "2 Cart.",
                                                        "departure_status": "confirmed"
                                                    },
                                                    "delivery_note_data": {
                                                        "position_id": "169854",
                                                        "delivery_note_id": "63890",
                                                        "delivery_note_number": "20001577",
                                                        "net_price": 32.109999999999999,
                                                        "quantity": "2",
                                                        "net_sum": 64.219999999999999,
                                                        "manager_comment": "",
                                                        "invoice_status": "billed",
                                                        "invoice_data": {
                                                            "alias": "re",
                                                            "definition": "invoice",
                                                            "invoice_id": "63891",
                                                            "invoice_number": "20001133",
                                                            "status": "confirmed"
                                                        }
                                                    }
                                                }
                                            ]
                                        }
                                    ]
                                }
                            ]
                        }
                    ]
                },
                {
                    "cart_id": "294847",
                    "product_id": "7313703",
                    "product_code": "4M0615301AN",
                    "product_title": "BREMSSCHEI",
                    "product_weight": "12.55",
                    "product_land_code": "DE",
                    "product_customs_number": "0",
                    "product_pack_min": "",
                    "producer_id": "217",
                    "producer_name": "VAG",
                    "discount_group_name": "02",
                    "price_id": 0,
                    "price_comment": "Preis  (08.2020)",
                    "comment": "",
                    "manager_comment": "",
                    "net_price": 99.030000000000001,
                    "quantity": "2",
                    "net_sum": 198.06,
                    "status": "confirmed",
                    "confirmed_data": [
                        {
                            "position_id": "189128",
                            "proforma_id": "62825",
                            "proforma_number": "20003795",
                            "product_id": "7313703",
                            "product_code": "4M0615301AN",
                            "product_title": "BREMSSCHEI",
                            "product_weight": "12.55",
                            "product_land_code": "DE",
                            "product_customs_number": "0",
                            "product_pack_min": "",
                            "producer_id": "217",
                            "producer_name": "VAG",
                            "discount_group_name": "02",
                            "price_comment": "Preis  (08.2020)",
                            "comment": "",
                            "manager_comment": "",
                            "net_price": 99.030000000000001,
                            "quantity": "2",
                            "net_sum": 198.06,
                            "status": "in_order",
                            "in_order_data": [
                                {
                                    "quantity": "2",
                                    "order_date_from": "21-08-2020",
                                    "status": "in_stock",
                                    "in_stock_data": [
                                        {
                                            "le_id": "167713",
                                            "quantity": "2",
                                            "entrance_date": "03-09-2020",
                                            "status": "packed",
                                            "packed_data": [
                                                {
                                                    "position_id": "166243",
                                                    "quantity": "2",
                                                    "pallet_number": "3054",
                                                    "packaging date": "07-09-2020",
                                                    "sending_status": "sent",
                                                    "delivery_note_status": "recorded",
                                                    "sending_data": {
                                                        "departure_id": "64779",
                                                        "departure_number": "2093",
                                                        "departure_date": "07-09-2020",
                                                        "departure_comment": "4 Cart.+8 Packstuck",
                                                        "departure_status": "confirmed"
                                                    },
                                                    "delivery_note_data": {
                                                        "position_id": "171345",
                                                        "delivery_note_id": "64801",
                                                        "delivery_note_number": "20001625",
                                                        "net_price": 99.030000000000001,
                                                        "quantity": "2",
                                                        "net_sum": 198.06,
                                                        "manager_comment": "",
                                                        "invoice_status": "billed",
                                                        "invoice_data": {
                                                            "alias": "re",
                                                            "definition": "invoice",
                                                            "invoice_id": "64797",
                                                            "invoice_number": "20001152",
                                                            "status": "confirmed"
                                                        }
                                                    }
                                                }
                                            ]
                                        }
                                    ]
                                }
                            ]
                        }
                    ]
                },
                {
                    "cart_id": "294848",
                    "product_id": "7934666",
                    "product_code": "34119811538",
                    "product_title": "ERSATZTEILE",
                    "product_weight": "0",
                    "product_land_code": "DE",
                    "product_customs_number": "87083091",
                    "product_pack_min": "",
                    "producer_id": "1",
                    "producer_name": "BMW",
                    "discount_group_name": "43",
                    "price_id": 0,
                    "price_comment": "PREPAYMENT! Price 08.2020",
                    "comment": "",
                    "manager_comment": "",
                    "net_price": 55.960000000000001,
                    "quantity": "2",
                    "net_sum": 111.92,
                    "status": "confirmed",
                    "confirmed_data": [
                        {
                            "position_id": "189120",
                            "proforma_id": "62825",
                            "proforma_number": "20003795",
                            "product_id": "7934666",
                            "product_code": "34119811538",
                            "product_title": "ERSATZTEILE",
                            "product_weight": "0",
                            "product_land_code": "DE",
                            "product_customs_number": "87083091",
                            "product_pack_min": "",
                            "producer_id": "1",
                            "producer_name": "BMW",
                            "discount_group_name": "43",
                            "price_comment": "PREPAYMENT! Price 08.2020",
                            "comment": "",
                            "manager_comment": "",
                            "net_price": 55.960000000000001,
                            "quantity": "2",
                            "net_sum": 111.92,
                            "status": "in_order",
                            "in_order_data": [
                                {
                                    "quantity": "2",
                                    "order_date_from": "21-08-2020",
                                    "status": "in_stock",
                                    "in_stock_data": [
                                        {
                                            "le_id": "165818",
                                            "quantity": "2",
                                            "entrance_date": "27-08-2020",
                                            "status": "packed",
                                            "packed_data": [
                                                {
                                                    "position_id": "164525",
                                                    "quantity": "2",
                                                    "pallet_number": "3005",
                                                    "packaging date": "31-08-2020",
                                                    "sending_status": "sent",
                                                    "delivery_note_status": "recorded",
                                                    "sending_data": {
                                                        "departure_id": "63879",
                                                        "departure_number": "2076",
                                                        "departure_date": "31-08-2020",
                                                        "departure_comment": "2 Cart.",
                                                        "departure_status": "confirmed"
                                                    },
                                                    "delivery_note_data": {
                                                        "position_id": "169856",
                                                        "delivery_note_id": "63892",
                                                        "delivery_note_number": "20001578",
                                                        "net_price": 55.960000000000001,
                                                        "quantity": "2",
                                                        "net_sum": 111.92,
                                                        "manager_comment": "",
                                                        "invoice_status": "billed",
                                                        "invoice_data": {
                                                            "alias": "re",
                                                            "definition": "invoice",
                                                            "invoice_id": "63891",
                                                            "invoice_number": "20001133",
                                                            "status": "confirmed"
                                                        }
                                                    }
                                                }
                                            ]
                                        }
                                    ]
                                }
                            ]
                        }
                    ]
                },
                {
                    "cart_id": "294877",
                    "product_id": "7313796",
                    "product_code": "4M0698151BB",
                    "product_title": "BREMSBELAG",
                    "product_weight": "3.576",
                    "product_land_code": "DE",
                    "product_customs_number": "0",
                    "product_pack_min": "",
                    "producer_id": "217",
                    "producer_name": "VAG",
                    "discount_group_name": "02",
                    "price_id": 0,
                    "price_comment": "Preis  (08.2020)",
                    "comment": "",
                    "manager_comment": "",
                    "net_price": 158.81,
                    "quantity": "2",
                    "net_sum": 317.62,
                    "status": "confirmed",
                    "confirmed_data": [
                        {
                            "position_id": "189129",
                            "proforma_id": "62825",
                            "proforma_number": "20003795",
                            "product_id": "7313796",
                            "product_code": "4M0698151BB",
                            "product_title": "BREMSBELAG",
                            "product_weight": "3.576",
                            "product_land_code": "DE",
                            "product_customs_number": "0",
                            "product_pack_min": "",
                            "producer_id": "217",
                            "producer_name": "VAG",
                            "discount_group_name": "02",
                            "price_comment": "Preis  (08.2020)",
                            "comment": "",
                            "manager_comment": "",
                            "net_price": 158.81,
                            "quantity": "2",
                            "net_sum": 317.62,
                            "status": "in_order",
                            "in_order_data": [
                                {
                                    "quantity": "2",
                                    "order_date_from": "21-08-2020",
                                    "status": "in_stock",
                                    "in_stock_data": [
                                        {
                                            "le_id": "167694",
                                            "quantity": "2",
                                            "entrance_date": "03-09-2020",
                                            "status": "packed",
                                            "packed_data": [
                                                {
                                                    "position_id": "166231",
                                                    "quantity": "2",
                                                    "pallet_number": "3051",
                                                    "packaging date": "07-09-2020",
                                                    "sending_status": "sent",
                                                    "delivery_note_status": "recorded",
                                                    "sending_data": {
                                                        "departure_id": "64779",
                                                        "departure_number": "2093",
                                                        "departure_date": "07-09-2020",
                                                        "departure_comment": "4 Cart.+8 Packstuck",
                                                        "departure_status": "confirmed"
                                                    },
                                                    "delivery_note_data": {
                                                        "position_id": "171334",
                                                        "delivery_note_id": "64798",
                                                        "delivery_note_number": "20001622",
                                                        "net_price": 158.81,
                                                        "quantity": "2",
                                                        "net_sum": 317.62,
                                                        "manager_comment": "",
                                                        "invoice_status": "billed",
                                                        "invoice_data": {
                                                            "alias": "re",
                                                            "definition": "invoice",
                                                            "invoice_id": "64797",
                                                            "invoice_number": "20001152",
                                                            "status": "confirmed"
                                                        }
                                                    }
                                                }
                                            ]
                                        }
                                    ]
                                }
                            ]
                        }
                    ]
                },
                {
                    "cart_id": "294878",
                    "product_id": "7100187",
                    "product_code": "076198119",
                    "product_title": "Rep.Satz",
                    "product_weight": "1.825",
                    "product_land_code": "DE",
                    "product_customs_number": "0",
                    "product_pack_min": "",
                    "producer_id": "217",
                    "producer_name": "VAG",
                    "discount_group_name": "01",
                    "price_id": 0,
                    "price_comment": "Preis  (08.2020)",
                    "comment": "",
                    "manager_comment": "",
                    "net_price": 91.549999999999997,
                    "quantity": "2",
                    "net_sum": 183.09999999999999,
                    "status": "confirmed",
                    "confirmed_data": [
                        {
                            "position_id": "189132",
                            "proforma_id": "62825",
                            "proforma_number": "20003795",
                            "product_id": "7100187",
                            "product_code": "076198119",
                            "product_title": "Rep.Satz",
                            "product_weight": "1.825",
                            "product_land_code": "DE",
                            "product_customs_number": "0",
                            "product_pack_min": "",
                            "producer_id": "217",
                            "producer_name": "VAG",
                            "discount_group_name": "01",
                            "price_comment": "Preis  (08.2020)",
                            "comment": "",
                            "manager_comment": "",
                            "net_price": 91.549999999999997,
                            "quantity": "2",
                            "net_sum": 183.09999999999999,
                            "status": "in_order",
                            "in_order_data": [
                                {
                                    "quantity": "2",
                                    "order_date_from": "21-08-2020",
                                    "status": "in_stock",
                                    "in_stock_data": [
                                        {
                                            "le_id": "167740",
                                            "quantity": "2",
                                            "entrance_date": "03-09-2020",
                                            "status": "packed",
                                            "packed_data": [
                                                {
                                                    "position_id": "166240",
                                                    "quantity": "2",
                                                    "pallet_number": "3053",
                                                    "packaging date": "07-09-2020",
                                                    "sending_status": "sent",
                                                    "delivery_note_status": "recorded",
                                                    "sending_data": {
                                                        "departure_id": "64779",
                                                        "departure_number": "2093",
                                                        "departure_date": "07-09-2020",
                                                        "departure_comment": "4 Cart.+8 Packstuck",
                                                        "departure_status": "confirmed"
                                                    },
                                                    "delivery_note_data": {
                                                        "position_id": "171342",
                                                        "delivery_note_id": "64800",
                                                        "delivery_note_number": "20001624",
                                                        "net_price": 91.549999999999997,
                                                        "quantity": "2",
                                                        "net_sum": 183.09999999999999,
                                                        "manager_comment": "",
                                                        "invoice_status": "billed",
                                                        "invoice_data": {
                                                            "alias": "re",
                                                            "definition": "invoice",
                                                            "invoice_id": "64797",
                                                            "invoice_number": "20001152",
                                                            "status": "confirmed"
                                                        }
                                                    }
                                                }
                                            ]
                                        }
                                    ]
                                }
                            ]
                        }
                    ]
                },
                {
                    "cart_id": "294879",
                    "product_id": "7313798",
                    "product_code": "4M0698151T",
                    "product_title": "BREMSBELAG",
                    "product_weight": "2.95",
                    "product_land_code": "DE",
                    "product_customs_number": "0",
                    "product_pack_min": "",
                    "producer_id": "217",
                    "producer_name": "VAG",
                    "discount_group_name": "02",
                    "price_id": 0,
                    "price_comment": "Preis  (08.2020)",
                    "comment": "",
                    "manager_comment": "",
                    "net_price": 110.63,
                    "quantity": "2",
                    "net_sum": 221.25999999999999,
                    "status": "confirmed",
                    "confirmed_data": [
                        {
                            "position_id": "189130",
                            "proforma_id": "62825",
                            "proforma_number": "20003795",
                            "product_id": "7313798",
                            "product_code": "4M0698151T",
                            "product_title": "BREMSBELAG",
                            "product_weight": "2.95",
                            "product_land_code": "DE",
                            "product_customs_number": "0",
                            "product_pack_min": "",
                            "producer_id": "217",
                            "producer_name": "VAG",
                            "discount_group_name": "02",
                            "price_comment": "Preis  (08.2020)",
                            "comment": "",
                            "manager_comment": "",
                            "net_price": 110.63,
                            "quantity": "2",
                            "net_sum": 221.25999999999999,
                            "status": "in_order",
                            "in_order_data": [
                                {
                                    "quantity": "2",
                                    "order_date_from": "21-08-2020",
                                    "status": "in_stock",
                                    "in_stock_data": [
                                        {
                                            "le_id": "167695",
                                            "quantity": "2",
                                            "entrance_date": "03-09-2020",
                                            "status": "packed",
                                            "packed_data": [
                                                {
                                                    "position_id": "166232",
                                                    "quantity": "2",
                                                    "pallet_number": "3051",
                                                    "packaging date": "07-09-2020",
                                                    "sending_status": "sent",
                                                    "delivery_note_status": "recorded",
                                                    "sending_data": {
                                                        "departure_id": "64779",
                                                        "departure_number": "2093",
                                                        "departure_date": "07-09-2020",
                                                        "departure_comment": "4 Cart.+8 Packstuck",
                                                        "departure_status": "confirmed"
                                                    },
                                                    "delivery_note_data": {
                                                        "position_id": "171335",
                                                        "delivery_note_id": "64798",
                                                        "delivery_note_number": "20001622",
                                                        "net_price": 110.63,
                                                        "quantity": "2",
                                                        "net_sum": 221.25999999999999,
                                                        "manager_comment": "",
                                                        "invoice_status": "billed",
                                                        "invoice_data": {
                                                            "alias": "re",
                                                            "definition": "invoice",
                                                            "invoice_id": "64797",
                                                            "invoice_number": "20001152",
                                                            "status": "confirmed"
                                                        }
                                                    }
                                                }
                                            ]
                                        }
                                    ]
                                }
                            ]
                        }
                    ]
                }
            ]
        }
    }
}
