[{"Id":1,"Leter":"А","Title":"Авдеевка","DistrictName":"Донецкая область","DistrictId":5},{"Id":2,"Leter":"А","Title":"Александрия","DistrictName":"Кировоградская область","DistrictId":11},{"Id":3,"Leter":"А","Title":"Александровск","DistrictName":"Луганская область","DistrictId":12},{"Id":4,"Leter":"А","Title":"Алёшки","DistrictName":"Херсонская область","DistrictId":21},{"Id":5,"Leter":"А","Title":"Алмазная","DistrictName":"Луганская область","DistrictId":12},{"Id":6,"Leter":"А","Title":"Алчевск","DistrictName":"Луганская область","DistrictId":12},{"Id":7,"Leter":"А","Title":"Амвросиевка","DistrictName":"Донецкая область","DistrictId":5},{"Id":8,"Leter":"А","Title":"Ананьев","DistrictName":"Одесская область","DistrictId":15},{"Id":9,"Leter":"А","Title":"Андрушёвка","DistrictName":"Житомирская область","DistrictId":6},{"Id":10,"Leter":"А","Title":"Антрацит","DistrictName":"Луганская область","DistrictId":12},{"Id":11,"Leter":"А","Title":"Апостолово","DistrictName":"Днепропетровская область","DistrictId":4},{"Id":12,"Leter":"А","Title":"Артёмовск(Кипучее)","DistrictName":"Луганская область","DistrictId":12},{"Id":13,"Leter":"А","Title":"Арциз","DistrictName":"Одесская область","DistrictId":15},{"Id":14,"Leter":"А","Title":"Ахтырка","DistrictName":"Сумская область","DistrictId":18},{"Id":15,"Leter":"Б","Title":"Балаклея","DistrictName":"Харьковская область","DistrictId":8},{"Id":16,"Leter":"Б","Title":"Балта","DistrictName":"Одесская область","DistrictId":15},{"Id":17,"Leter":"Б","Title":"Бар","DistrictName":"Винницкая область","DistrictId":2},{"Id":18,"Leter":"Б","Title":"Барановка","DistrictName":"Житомирская область","DistrictId":6},{"Id":19,"Leter":"Б","Title":"Барвенково","DistrictName":"Харьковская область","DistrictId":20},{"Id":20,"Leter":"Б","Title":"Батурин","DistrictName":"Черниговская область","DistrictId":24},{"Id":21,"Leter":"Б","Title":"Бахмач","DistrictName":"Черниговская область","DistrictId":24},{"Id":22,"Leter":"Б","Title":"Бахмут","DistrictName":"Донецкая область","DistrictId":5},{"Id":23,"Leter":"Б","Title":"Баштанка","DistrictName":"Николаевская область","DistrictId":14},{"Id":24,"Leter":"Б","Title":"БелаяЦерковь","DistrictName":"Киевская область","DistrictId":10},{"Id":25,"Leter":"Б","Title":"Белгород-Днестровский","DistrictName":"Одесская область","DistrictId":15},{"Id":26,"Leter":"Б","Title":"Белз","DistrictName":"Львовская область","DistrictId":13},{"Id":27,"Leter":"Б","Title":"Белицкое","DistrictName":"Донецкая область","DistrictId":5},{"Id":28,"Leter":"Б","Title":"Белозёрское","DistrictName":"Донецкая область","DistrictId":5},{"Id":29,"Leter":"Б","Title":"Белополье","DistrictName":"Сумская область","DistrictId":18},{"Id":30,"Leter":"Б","Title":"Беляевка","DistrictName":"Одесская область","DistrictId":15},{"Id":31,"Leter":"Б","Title":"Бердичев","DistrictName":"Житомирская область","DistrictId":6},{"Id":32,"Leter":"Б","Title":"Бердянск","DistrictName":"Запорожская область","DistrictId":8},{"Id":33,"Leter":"Б","Title":"Берегово","DistrictName":"Закарпатская область","DistrictId":7},{"Id":34,"Leter":"Б","Title":"Бережаны","DistrictName":"Тернопольская область","DistrictId":19},{"Id":35,"Leter":"Б","Title":"Березань","DistrictName":"Киевская область","DistrictId":10},{"Id":36,"Leter":"Б","Title":"Березно","DistrictName":"Ровненская область","DistrictId":17},{"Id":37,"Leter":"Б","Title":"Березо́вка","DistrictName":"Одесская область","DistrictId":15},{"Id":38,"Leter":"Б","Title":"Берестечко","DistrictName":"Волынская область","DistrictId":3},{"Id":39,"Leter":"Б","Title":"Берислав","DistrictName":"Херсонская область","DistrictId":21},{"Id":40,"Leter":"Б","Title":"Бершадь","DistrictName":"Винницкая область","DistrictId":2},{"Id":41,"Leter":"Б","Title":"Бобринец","DistrictName":"Кировоградская область","DistrictId":11},{"Id":42,"Leter":"Б","Title":"Бобрка","DistrictName":"Львовская область","DistrictId":13},{"Id":43,"Leter":"Б","Title":"Бобровица","DistrictName":"Черниговская область","DistrictId":24},{"Id":44,"Leter":"Б","Title":"Богодухов","DistrictName":"Харьковская область","DistrictId":20},{"Id":45,"Leter":"Б","Title":"Богуслав","DistrictName":"Киевская область","DistrictId":10},{"Id":46,"Leter":"Б","Title":"Болград","DistrictName":"Одесская область","DistrictId":15},{"Id":47,"Leter":"Б","Title":"Болехов","DistrictName":"Ивано-Франковская область","DistrictId":9},{"Id":48,"Leter":"Б","Title":"Борзна","DistrictName":"Черниговская область","DistrictId":24},{"Id":49,"Leter":"Б","Title":"Борислав","DistrictName":"Львовская область","DistrictId":13},{"Id":50,"Leter":"Б","Title":"Борисполь","DistrictName":"Киевская область","DistrictId":10},{"Id":51,"Leter":"Б","Title":"Борщёв","DistrictName":"Тернопольская область","DistrictId":19},{"Id":52,"Leter":"Б","Title":"Боярка","DistrictName":"Киевская область","DistrictId":10},{"Id":53,"Leter":"Б","Title":"Бровары","DistrictName":"Киевская область","DistrictId":10},{"Id":54,"Leter":"Б","Title":"Броды","DistrictName":"Львовская область","DistrictId":13},{"Id":55,"Leter":"Б","Title":"Брянка","DistrictName":"Луганская область","DistrictId":12},{"Id":56,"Leter":"Б","Title":"Бурштын","DistrictName":"Ивано-Франковская область","DistrictId":9},{"Id":57,"Leter":"Б","Title":"Бурынь","DistrictName":"Сумская область","DistrictId":18},{"Id":58,"Leter":"Б","Title":"Буск","DistrictName":"Львовская область","DistrictId":13},{"Id":59,"Leter":"Б","Title":"Буча","DistrictName":"Киевская область","DistrictId":10},{"Id":60,"Leter":"Б","Title":"Бучач","DistrictName":"Тернопольская область","DistrictId":19},{"Id":61,"Leter":"В","Title":"Валки","DistrictName":"Харьковская область","DistrictId":20},{"Id":62,"Leter":"В","Title":"Вараш(Кузнецовск)","DistrictName":"Ровненская область","DistrictId":17},{"Id":63,"Leter":"В","Title":"Васильевка","DistrictName":"Запорожская область","DistrictId":8},{"Id":64,"Leter":"В","Title":"Васильков","DistrictName":"Киевская область","DistrictId":10},{"Id":65,"Leter":"В","Title":"Ватутино","DistrictName":"Черкасская область","DistrictId":23},{"Id":66,"Leter":"В","Title":"Вахрушево","DistrictName":"Луганская область","DistrictId":12},{"Id":67,"Leter":"В","Title":"Вашковцы","DistrictName":"Черновицкая область","DistrictId":25},{"Id":68,"Leter":"В","Title":"ВеликиеМосты","DistrictName":"Львовская область","DistrictId":13},{"Id":69,"Leter":"В","Title":"Верхнеднепровск","DistrictName":"Днепропетровская область","DistrictId":4},{"Id":70,"Leter":"В","Title":"Верховцево","DistrictName":"Днепропетровская область","DistrictId":4},{"Id":71,"Leter":"В","Title":"Вижница","DistrictName":"Черновицкая область","DistrictId":25},{"Id":72,"Leter":"В","Title":"Вилково","DistrictName":"Одесская область","DistrictId":15},{"Id":73,"Leter":"В","Title":"Винники","DistrictName":"Львовская область","DistrictId":13},{"Id":74,"Leter":"В","Title":"Винница","DistrictName":"Винницкая область","DistrictId":2},{"Id":75,"Leter":"В","Title":"Виноградов","DistrictName":"Закарпатская область","DistrictId":7},{"Id":76,"Leter":"В","Title":"Вишнёвое","DistrictName":"Киевская область","DistrictId":10},{"Id":77,"Leter":"В","Title":"Владимир-Волынский","DistrictName":"Волынская область","DistrictId":3},{"Id":78,"Leter":"В","Title":"Вознесенск","DistrictName":"Николаевская область","DistrictId":14},{"Id":79,"Leter":"В","Title":"Волноваха","DistrictName":"Донецкая область","DistrictId":5},{"Id":80,"Leter":"В","Title":"Волочиск","DistrictName":"Хмельницкая область","DistrictId":22},{"Id":81,"Leter":"В","Title":"Волчанск","DistrictName":"Харьковская область","DistrictId":20},{"Id":82,"Leter":"В","Title":"Вольногорск","DistrictName":"Днепропетровская область","DistrictId":4},{"Id":83,"Leter":"В","Title":"Вольнянск","DistrictName":"Запорожская область","DistrictId":8},{"Id":84,"Leter":"В","Title":"Ворожба","DistrictName":"Сумская область","DistrictId":18},{"Id":85,"Leter":"В","Title":"Вышгород","DistrictName":"Киевская область","DistrictId":10},{"Id":86,"Leter":"Г","Title":"Гадяч","DistrictName":"Полтавская область","DistrictId":16},{"Id":87,"Leter":"Г","Title":"Гайворон","DistrictName":"Кировоградская область","DistrictId":11},{"Id":88,"Leter":"Г","Title":"Гайсин","DistrictName":"Винницкая область","DistrictId":2},{"Id":89,"Leter":"Г","Title":"Галич","DistrictName":"Ивано-Франковская область","DistrictId":9},{"Id":90,"Leter":"Г","Title":"Геническ","DistrictName":"Херсонская область","DistrictId":21},{"Id":91,"Leter":"Г","Title":"Герца","DistrictName":"Черновицкая область","DistrictId":25},{"Id":92,"Leter":"Г","Title":"Глобино","DistrictName":"Полтавская область","DistrictId":16},{"Id":93,"Leter":"Г","Title":"Глухов","DistrictName":"Сумская область","DistrictId":18},{"Id":94,"Leter":"Г","Title":"Глиняны","DistrictName":"Львовская область","DistrictId":13},{"Id":95,"Leter":"Г","Title":"Гнивань","DistrictName":"Винницкая область","DistrictId":2},{"Id":96,"Leter":"Г","Title":"Голая Пристань","DistrictName":"Херсонская область","DistrictId":21},{"Id":97,"Leter":"Г","Title":"Горишние Плавни","DistrictName":"Полтавская область","DistrictId":16},{"Id":98,"Leter":"Г","Title":"Горловка","DistrictName":"Донецкая область","DistrictId":5},{"Id":99,"Leter":"Г","Title":"Горное","DistrictName":"Луганская область","DistrictId":12},{"Id":100,"Leter":"Г","Title":"Горняк","DistrictName":"Донецкая область","DistrictId":5},{"Id":101,"Leter":"Г","Title":"Городенка","DistrictName":"Ивано-Франковская область","DistrictId":9},{"Id":102,"Leter":"Г","Title":"Городище","DistrictName":"Черкасская область","DistrictId":23},{"Id":103,"Leter":"Г","Title":"Городня","DistrictName":"Черниговская область","DistrictId":24},{"Id":104,"Leter":"Г","Title":"Городок","DistrictName":"Львовская область","DistrictId":13},{"Id":105,"Leter":"Г","Title":"Городок","DistrictName":"Хмельницкая область","DistrictId":22},{"Id":106,"Leter":"Г","Title":"Горохов","DistrictName":"Волынская область","DistrictId":3},{"Id":107,"Leter":"Г","Title":"Гребёнка","DistrictName":"Полтавская область","DistrictId":16},{"Id":108,"Leter":"Г","Title":"Гуляйполе","DistrictName":"Запорожская область","DistrictId":8},{"Id":109,"Leter":"Д","Title":"Дебальцево","DistrictName":"Донецкая область","DistrictId":5},{"Id":110,"Leter":"Д","Title":"Деражня","DistrictName":"Хмельницкая область","DistrictId":22},{"Id":111,"Leter":"Д","Title":"Дергачи","DistrictName":"Харьковская область","DistrictId":20},{"Id":112,"Leter":"Д","Title":"Днепр","DistrictName":"Днепропетровская область","DistrictId":4},{"Id":113,"Leter":"Д","Title":"Днепрорудное","DistrictName":"Запорожская область","DistrictId":8},{"Id":114,"Leter":"Д","Title":"Добромиль","DistrictName":"Львовская область","DistrictId":13},{"Id":115,"Leter":"Д","Title":"Доброполье","DistrictName":"Донецкая область","DistrictId":5},{"Id":116,"Leter":"Д","Title":"Докучаевск","DistrictName":"Донецкая область","DistrictId":5},{"Id":117,"Leter":"Д","Title":"Долина","DistrictName":"Ивано-Франковская область","DistrictId":9},{"Id":118,"Leter":"Д","Title":"Долинская","DistrictName":"Кировоградская область","DistrictId":11},{"Id":119,"Leter":"Д","Title":"Донецк","DistrictName":"Донецкая область","DistrictId":5},{"Id":120,"Leter":"Д","Title":"Дрогобыч","DistrictName":"Львовская область","DistrictId":13},{"Id":121,"Leter":"Д","Title":"Дружба","DistrictName":"Сумская область","DistrictId":18},{"Id":122,"Leter":"Д","Title":"Дружковка","DistrictName":"Донецкая область","DistrictId":5},{"Id":123,"Leter":"Д","Title":"Дубляны","DistrictName":"Львовская область","DistrictId":13},{"Id":124,"Leter":"Д","Title":"Дубно","DistrictName":"Ровненская область","DistrictId":17},{"Id":125,"Leter":"Д","Title":"Дубровица","DistrictName":"Ровненская область","DistrictId":17},{"Id":126,"Leter":"Д","Title":"Дунаевцы","DistrictName":"Хмельницкая область","DistrictId":22},{"Id":127,"Leter":"Е","Title":"Енакиево","DistrictName":"Донецкая область","DistrictId":5},{"Id":128,"Leter":"Ж","Title":"Жашков","DistrictName":"Черкасская область","DistrictId":23},{"Id":129,"Leter":"Ж","Title":"Ждановка","DistrictName":"Донецкая область","DistrictId":5},{"Id":130,"Leter":"Ж","Title":"Железное","DistrictName":"Донецкая область","DistrictId":5},{"Id":131,"Leter":"Ж","Title":"ЖёлтыеВоды","DistrictName":"Днепропетровская область","DistrictId":4},{"Id":132,"Leter":"Ж","Title":"Жидачов","DistrictName":"Львовская область","DistrictId":13},{"Id":133,"Leter":"Ж","Title":"Житомир","DistrictName":"Житомирская область","DistrictId":6},{"Id":134,"Leter":"Ж","Title":"Жмеринка","DistrictName":"Винницкая область","DistrictId":2},{"Id":135,"Leter":"Ж","Title":"Жолква","DistrictName":"Львовская область","DistrictId":13},{"Id":136,"Leter":"З","Title":"Заводское","DistrictName":"Полтавская область","DistrictId":16},{"Id":137,"Leter":"З","Title":"Залещики","DistrictName":"Тернопольская область","DistrictId":19},{"Id":138,"Leter":"З","Title":"Запорожье","DistrictName":"Запорожская область","DistrictId":8},{"Id":139,"Leter":"З","Title":"Заставна","DistrictName":"Черновицкая область","DistrictId":25},{"Id":140,"Leter":"З","Title":"Збараж","DistrictName":"Тернопольская область","DistrictId":19},{"Id":141,"Leter":"З","Title":"Зборов","DistrictName":"Тернопольская область","DistrictId":19},{"Id":142,"Leter":"З","Title":"Звенигородка","DistrictName":"Черкасская область","DistrictId":23},{"Id":143,"Leter":"З","Title":"Здолбунов","DistrictName":"Ровненская область","DistrictId":17},{"Id":144,"Leter":"З","Title":"Зеленодольск","DistrictName":"Днепропетровская область","DistrictId":4},{"Id":145,"Leter":"З","Title":"Зеньков","DistrictName":"Полтавская область","DistrictId":16},{"Id":146,"Leter":"З","Title":"Зимогорье","DistrictName":"Луганская область","DistrictId":12},{"Id":147,"Leter":"З","Title":"Змиёв","DistrictName":"Харьковская область","DistrictId":20},{"Id":148,"Leter":"З","Title":"Знаменка","DistrictName":"Кировоградская область","DistrictId":11},{"Id":149,"Leter":"З","Title":"Золотое","DistrictName":"Луганская область","DistrictId":12},{"Id":150,"Leter":"З","Title":"Золотоноша","DistrictName":"Черкасская область","DistrictId":23},{"Id":151,"Leter":"З","Title":"Золочев","DistrictName":"Львовская область","DistrictId":13},{"Id":152,"Leter":"З","Title":"Зоринск","DistrictName":"Луганская область","DistrictId":12},{"Id":153,"Leter":"З","Title":"Зугрэс","DistrictName":"Донецкая область","DistrictId":5},{"Id":154,"Leter":"И","Title":"Ивано-Франковск","DistrictName":"Ивано-Франковская область","DistrictId":9},{"Id":155,"Leter":"И","Title":"Измаил","DistrictName":"Одесская область","DistrictId":15},{"Id":156,"Leter":"И","Title":"Изюм","DistrictName":"Харьковская область","DistrictId":20},{"Id":157,"Leter":"И","Title":"Изяслав","DistrictName":"Хмельницкая область","DistrictId":22},{"Id":158,"Leter":"И","Title":"Иловайск","DistrictName":"Донецкая область","DistrictId":5},{"Id":159,"Leter":"И","Title":"Ильинцы","DistrictName":"Винницкая область","DistrictId":2},{"Id":160,"Leter":"И","Title":"Ирмино","DistrictName":"Луганская область","DistrictId":12},{"Id":161,"Leter":"И","Title":"Ирпень","DistrictName":"Киевская область","DistrictId":10},{"Id":162,"Leter":"И","Title":"Иршава","DistrictName":"Закарпатская область","DistrictId":7},{"Id":163,"Leter":"И","Title":"Ичня","DistrictName":"Черниговская область","DistrictId":24},{"Id":164,"Leter":"К","Title":"Кагарлык","DistrictName":"Киевская область","DistrictId":10},{"Id":165,"Leter":"К","Title":"Казатин","DistrictName":"Винницкая область","DistrictId":2},{"Id":166,"Leter":"К","Title":"Калиновка","DistrictName":"Винницкая область","DistrictId":2},{"Id":167,"Leter":"К","Title":"Калуш","DistrictName":"Ивано-Франковская область","DistrictId":9},{"Id":168,"Leter":"К","Title":"Каменец-Подольский","DistrictName":"Хмельницкая область","DistrictId":22},{"Id":169,"Leter":"К","Title":"Каменка","DistrictName":"Черкасская область","DistrictId":23},{"Id":170,"Leter":"К","Title":"Каменка-Бугская","DistrictName":"Львовская область","DistrictId":13},{"Id":171,"Leter":"К","Title":"Каменка-Днепровская","DistrictName":"Запорожская область","DistrictId":8},{"Id":172,"Leter":"К","Title":"Каменское","DistrictName":"Днепропетровская область","DistrictId":4},{"Id":173,"Leter":"К","Title":"Камень-Каширский","DistrictName":"Волынская область","DistrictId":3},{"Id":174,"Leter":"К","Title":"Канев","DistrictName":"Черкасская область","DistrictId":23},{"Id":175,"Leter":"К","Title":"Карловка","DistrictName":"Полтавская область","DistrictId":16},{"Id":176,"Leter":"К","Title":"Каховка","DistrictName":"Херсонская область","DistrictId":21},{"Id":177,"Leter":"К","Title":"Киверцы","DistrictName":"Волынская область","DistrictId":3},{"Id":178,"Leter":"К","Title":"Киев","DistrictName":"город со специальным статусом Киев","DistrictId":1},{"Id":179,"Leter":"К","Title":"Килия","DistrictName":"Одесская область","DistrictId":15},{"Id":180,"Leter":"К","Title":"Кировск (Голубовка)","DistrictName":"Луганская область","DistrictId":12},{"Id":181,"Leter":"К","Title":"Кировское","DistrictName":"Донецкая область","DistrictId":5},{"Id":182,"Leter":"К","Title":"Кицмань","DistrictName":"Черновицкая область","DistrictId":25},{"Id":183,"Leter":"К","Title":"Кобеляки","DistrictName":"Полтавская область","DistrictId":16},{"Id":184,"Leter":"К","Title":"Ковель","DistrictName":"Волынская область","DistrictId":3},{"Id":185,"Leter":"К","Title":"Кодыма","DistrictName":"Одесская область","DistrictId":15},{"Id":186,"Leter":"К","Title":"Коломыя","DistrictName":"Ивано-Франковская область","DistrictId":9},{"Id":187,"Leter":"К","Title":"Конотоп","DistrictName":"Сумская область","DistrictId":18},{"Id":188,"Leter":"К","Title":"Константиновка","DistrictName":"Донецкая область","DistrictId":5},{"Id":189,"Leter":"К","Title":"Корец","DistrictName":"Ровненская область","DistrictId":17},{"Id":190,"Leter":"К","Title":"Коростень","DistrictName":"Житомирская область","DistrictId":6},{"Id":191,"Leter":"К","Title":"Коростышев","DistrictName":"Житомирская область","DistrictId":6},{"Id":192,"Leter":"К","Title":"Корсунь-Шевченковский","DistrictName":"Черкасская область","DistrictId":23},{"Id":193,"Leter":"К","Title":"Корюковка","DistrictName":"Черниговская область","DistrictId":24},{"Id":194,"Leter":"К","Title":"Косов","DistrictName":"Ивано-Франковская область","DistrictId":9},{"Id":195,"Leter":"К","Title":"Костополь","DistrictName":"Ровненская область","DistrictId":17},{"Id":196,"Leter":"К","Title":"Краматорск","DistrictName":"Донецкая область","DistrictId":5},{"Id":197,"Leter":"К","Title":"Красилов","DistrictName":"Хмельницкая область","DistrictId":22},{"Id":198,"Leter":"К","Title":"Красноград","DistrictName":"Харьковская область","DistrictId":20},{"Id":199,"Leter":"К","Title":"Краснодон","DistrictName":"Луганская область","DistrictId":12},{"Id":200,"Leter":"К","Title":"Краснопартизанск","DistrictName":"Луганская область","DistrictId":12},{"Id":201,"Leter":"К","Title":"КрасныйЛуч (Хрустальный)","DistrictName":"Луганская область","DistrictId":12},{"Id":202,"Leter":"К","Title":"Кременец","DistrictName":"Тернопольская область","DistrictId":19},{"Id":203,"Leter":"К","Title":"Кременчуг","DistrictName":"Полтавская область","DistrictId":16},{"Id":204,"Leter":"К","Title":"КривойРог","DistrictName":"Днепропетровская область","DistrictId":4},{"Id":205,"Leter":"К","Title":"Кролевец","DistrictName":"Сумская область","DistrictId":18},{"Id":206,"Leter":"К","Title":"Кропивницкий","DistrictName":"Кировоградская область","DistrictId":11},{"Id":207,"Leter":"К","Title":"Купянск","DistrictName":"Харьковская область","DistrictId":20},{"Id":208,"Leter":"Л","Title":"Ладыжин","DistrictName":"Винницкая область","DistrictId":2},{"Id":209,"Leter":"Л","Title":"Лановцы","DistrictName":"Тернопольская область","DistrictId":19},{"Id":210,"Leter":"Л","Title":"Лебедин","DistrictName":"Сумская область","DistrictId":18},{"Id":211,"Leter":"Л","Title":"Лиман","DistrictName":"Донецкая область","DistrictId":5},{"Id":212,"Leter":"Л","Title":"Лисичанск","DistrictName":"Луганская область","DistrictId":12},{"Id":213,"Leter":"Л","Title":"Лозовая","DistrictName":"Харьковская область","DistrictId":20},{"Id":214,"Leter":"Л","Title":"Лохвица","DistrictName":"Полтавская область","DistrictId":16},{"Id":215,"Leter":"Л","Title":"Лубны","DistrictName":"Полтавская область","DistrictId":16},{"Id":216,"Leter":"Л","Title":"Луганск","DistrictName":"Луганская область","DistrictId":12},{"Id":217,"Leter":"Л","Title":"Лутугино","DistrictName":"Луганская область","DistrictId":12},{"Id":218,"Leter":"Л","Title":"Луцк","DistrictName":"Волынская область","DistrictId":3},{"Id":219,"Leter":"Л","Title":"Львов","DistrictName":"Львовская область","DistrictId":13},{"Id":220,"Leter":"Л","Title":"Любомль","DistrictName":"Волынская область","DistrictId":3},{"Id":221,"Leter":"Л","Title":"Люботин","DistrictName":"Харьковская область","DistrictId":20},{"Id":222,"Leter":"М","Title":"Малин","DistrictName":"Житомирская область","DistrictId":6},{"Id":223,"Leter":"М","Title":"Марганец","DistrictName":"Днепропетровская область","DistrictId":4},{"Id":224,"Leter":"М","Title":"Мариуполь","DistrictName":"Донецкая область","DistrictId":5},{"Id":225,"Leter":"М","Title":"Макеевка","DistrictName":"Донецкая область","DistrictId":5},{"Id":226,"Leter":"М","Title":"МалаяВиска","DistrictName":"Кировоградская область","DistrictId":11},{"Id":227,"Leter":"М","Title":"Мелитополь","DistrictName":"Запорожская область","DistrictId":8},{"Id":228,"Leter":"М","Title":"Мена","DistrictName":"Черниговская область","DistrictId":24},{"Id":229,"Leter":"М","Title":"Мерефа","DistrictName":"Харьковская область","DistrictId":20},{"Id":230,"Leter":"М","Title":"Миргород","DistrictName":"Полтавская область","DistrictId":16},{"Id":231,"Leter":"М","Title":"Мирноград (Димитров)","DistrictName":"Донецкая область","DistrictId":5},{"Id":232,"Leter":"М","Title":"Мироновка","DistrictName":"Киевская область","DistrictId":10},{"Id":233,"Leter":"М","Title":"Миусинск","DistrictName":"Луганская область","DistrictId":12},{"Id":234,"Leter":"М","Title":"Могилёв-Подольский","DistrictName":"Винницкая область","DistrictId":2},{"Id":235,"Leter":"М","Title":"Молодогвардейск","DistrictName":"Луганская область","DistrictId":12},{"Id":236,"Leter":"М","Title":"Молочанск","DistrictName":"Запорожская область","DistrictId":8},{"Id":237,"Leter":"М","Title":"Монастыриска","DistrictName":"Тернопольская область","DistrictId":19},{"Id":238,"Leter":"М","Title":"Монастырище","DistrictName":"Черкасская область","DistrictId":23},{"Id":239,"Leter":"М","Title":"Мостиска","DistrictName":"Львовская область","DistrictId":13},{"Id":240,"Leter":"М","Title":"Мукачево","DistrictName":"Закарпатская область","DistrictId":7},{"Id":241,"Leter":"Н","Title":"Надворная","DistrictName":"Ивано-Франковская область","DistrictId":9},{"Id":242,"Leter":"Н","Title":"Николаев","DistrictName":"Львовская область","DistrictId":13},{"Id":243,"Leter":"Н","Title":"Николаев","DistrictName":"Николаевская область","DistrictId":14},{"Id":244,"Leter":"Н","Title":"Никополь","DistrictName":"Днепропетровская область","DistrictId":4},{"Id":245,"Leter":"Н","Title":"Нежин","DistrictName":"Черниговская область","DistrictId":24},{"Id":246,"Leter":"Н","Title":"Немиров","DistrictName":"Винницкая область","DistrictId":2},{"Id":247,"Leter":"Н","Title":"Нетешин","DistrictName":"Хмельницкая область","DistrictId":22},{"Id":248,"Leter":"Н","Title":"Новая Каховка","DistrictName":"Херсонская область","DistrictId":21},{"Id":249,"Leter":"Н","Title":"Новая Одесса","DistrictName":"Николаевская область","DistrictId":14},{"Id":250,"Leter":"Н","Title":"НовыйБ уг","DistrictName":"Николаевская область","DistrictId":14},{"Id":251,"Leter":"Н","Title":"Новоазовск","DistrictName":"Донецкая область","DistrictId":5},{"Id":252,"Leter":"Н","Title":"Нововолынск","DistrictName":"Волынская область","DistrictId":3},{"Id":253,"Leter":"Н","Title":"Новгород-Северский","DistrictName":"Черниговская область","DistrictId":24},{"Id":254,"Leter":"Н","Title":"Новогродовка","DistrictName":"Донецкая область","DistrictId":5},{"Id":255,"Leter":"Н","Title":"Новомиргород","DistrictName":"Кировоградская область","DistrictId":11},{"Id":256,"Leter":"Н","Title":"Новоград-Волынский","DistrictName":"Житомирская область","DistrictId":6},{"Id":257,"Leter":"Н","Title":"Новодружеск","DistrictName":"Луганская область","DistrictId":12},{"Id":258,"Leter":"Н","Title":"Новоднестровск","DistrictName":"Черновицкая область","DistrictId":25},{"Id":259,"Leter":"Н","Title":"Новомосковск","DistrictName":"Днепропетровская область","DistrictId":4},{"Id":260,"Leter":"Н","Title":"Новопсков","DistrictName":"Луганская область","DistrictId":12},{"Id":261,"Leter":"Н","Title":"Новоселица","DistrictName":"Черновицкая область","DistrictId":25},{"Id":262,"Leter":"Н","Title":"Новоукраинка","DistrictName":"Кировоградская область","DistrictId":11},{"Id":263,"Leter":"Н","Title":"НовыйРоздол","DistrictName":"Львовская область","DistrictId":13},{"Id":264,"Leter":"Н","Title":"Носовка","DistrictName":"Черниговская область","DistrictId":24},{"Id":265,"Leter":"О","Title":"Обухов","DistrictName":"Киевская область","DistrictId":10},{"Id":266,"Leter":"О","Title":"Овруч","DistrictName":"Житомирская область","DistrictId":6},{"Id":267,"Leter":"О","Title":"Одесса","DistrictName":"Одесская область","DistrictId":15},{"Id":268,"Leter":"О","Title":"Орехов","DistrictName":"Запорожская область","DistrictId":8},{"Id":269,"Leter":"О","Title":"Острог","DistrictName":"Ровненская область","DistrictId":17},{"Id":270,"Leter":"О","Title":"Очаков","DistrictName":"Николаевская область","DistrictId":14},{"Id":271,"Leter":"П","Title":"Павлоград","DistrictName":"Днепропетровская область","DistrictId":4},{"Id":272,"Leter":"П","Title":"Первомайск","DistrictName":"Луганская область","DistrictId":12},{"Id":273,"Leter":"П","Title":"Первомайск","DistrictName":"Николаевская область","DistrictId":14},{"Id":274,"Leter":"П","Title":"Первомайский","DistrictName":"Харьковская область","DistrictId":20},{"Id":275,"Leter":"П","Title":"Перевальск","DistrictName":"Луганская область","DistrictId":12},{"Id":276,"Leter":"П","Title":"Перемышляны","DistrictName":"Львовская область","DistrictId":13},{"Id":277,"Leter":"П","Title":"Перечин","DistrictName":"Закарпатская область","DistrictId":7},{"Id":278,"Leter":"П","Title":"Перещепино","DistrictName":"Днепропетровская область","DistrictId":4},{"Id":279,"Leter":"П","Title":"Переяслав-Хмельницкий","DistrictName":"Киевская область","DistrictId":10},{"Id":280,"Leter":"П","Title":"Першотравенск","DistrictName":"Днепропетровская область","DistrictId":4},{"Id":281,"Leter":"П","Title":"Петровское","DistrictName":"Луганская область","DistrictId":12},{"Id":282,"Leter":"П","Title":"Пирятин","DistrictName":"Полтавская область","DistrictId":16},{"Id":283,"Leter":"П","Title":"Погребище","DistrictName":"Винницкая область","DistrictId":2},{"Id":284,"Leter":"П","Title":"Подволочиск","DistrictName":"Тернопольская область","DistrictId":19},{"Id":285,"Leter":"П","Title":"Подгайцы","DistrictName":"Тернопольская область","DistrictId":19},{"Id":286,"Leter":"П","Title":"Подгородное","DistrictName":"Днепропетровская область","DistrictId":4},{"Id":287,"Leter":"П","Title":"Подольск","DistrictName":"Одесская область","DistrictId":15},{"Id":288,"Leter":"П","Title":"Покров","DistrictName":"Днепропетровская область","DistrictId":4},{"Id":289,"Leter":"П","Title":"Покровск","DistrictName":"Донецкая область","DistrictId":5},{"Id":290,"Leter":"П","Title":"Пологи","DistrictName":"Запорожская область","DistrictId":8},{"Id":291,"Leter":"П","Title":"Полонное","DistrictName":"Хмельницкая область","DistrictId":22},{"Id":292,"Leter":"П","Title":"Полтава","DistrictName":"Полтавская область","DistrictId":16},{"Id":293,"Leter":"П","Title":"Попасная","DistrictName":"Луганская область","DistrictId":12},{"Id":294,"Leter":"П","Title":"Почаев","DistrictName":"Тернопольская область","DistrictId":19},{"Id":295,"Leter":"П","Title":"Приволье","DistrictName":"Луганская область","DistrictId":12},{"Id":296,"Leter":"П","Title":"Прилуки","DistrictName":"Черниговская область","DistrictId":24},{"Id":297,"Leter":"П","Title":"Приморск","DistrictName":"Запорожская область","DistrictId":8},{"Id":298,"Leter":"П","Title":"Припять","DistrictName":"Киевская область","DistrictId":10},{"Id":299,"Leter":"П","Title":"Пустомыты","DistrictName":"Львовская область","DistrictId":13},{"Id":300,"Leter":"П","Title":"Путивль","DistrictName":"Сумская область","DistrictId":18},{"Id":301,"Leter":"П","Title":"Пятихатки","DistrictName":"Днепропетровская область","DistrictId":4},{"Id":302,"Leter":"Р","Title":"Рава-Русская","DistrictName":"Львовская область","DistrictId":13},{"Id":303,"Leter":"Р","Title":"Радехов","DistrictName":"Львовская область","DistrictId":13},{"Id":304,"Leter":"Р","Title":"Радомышль","DistrictName":"Житомирская область","DistrictId":6},{"Id":305,"Leter":"Р","Title":"Радивилов","DistrictName":"Ровненская область","DistrictId":17},{"Id":306,"Leter":"Р","Title":"Раздельная","DistrictName":"Одесская область","DistrictId":15},{"Id":307,"Leter":"Р","Title":"Рахов","DistrictName":"Закарпатская область","DistrictId":7},{"Id":308,"Leter":"Р","Title":"Ржищев","DistrictName":"Киевская область","DistrictId":10},{"Id":309,"Leter":"Р","Title":"Рогатин","DistrictName":"Ивано-Франковская область","DistrictId":9},{"Id":310,"Leter":"Р","Title":"Ровеньки","DistrictName":"Луганская область","DistrictId":12},{"Id":311,"Leter":"Р","Title":"Ровно","DistrictName":"Ровненская область","DistrictId":17},{"Id":312,"Leter":"Р","Title":"Рожище","DistrictName":"Волынская область","DistrictId":3},{"Id":313,"Leter":"Р","Title":"Ромны","DistrictName":"Сумская область","DistrictId":18},{"Id":314,"Leter":"Р","Title":"Рубежное","DistrictName":"Луганская область","DistrictId":12},{"Id":315,"Leter":"Р","Title":"Рудки","DistrictName":"Львовская область","DistrictId":13},{"Id":316,"Leter":"С","Title":"Самбор","DistrictName":"Львовская область","DistrictId":13},{"Id":317,"Leter":"С","Title":"Сарны","DistrictName":"Ровненская область","DistrictId":17},{"Id":318,"Leter":"С","Title":"Свалява","DistrictName":"Закарпатская область","DistrictId":7},{"Id":319,"Leter":"С","Title":"Сватово","DistrictName":"Луганская область","DistrictId":12},{"Id":320,"Leter":"С","Title":"Свердловск","DistrictName":"Луганская область","DistrictId":12},{"Id":321,"Leter":"С","Title":"Светловодск","DistrictName":"Кировоградская область","DistrictId":11},{"Id":322,"Leter":"С","Title":"Северодонецк","DistrictName":"Луганская область","DistrictId":12},{"Id":323,"Leter":"С","Title":"Седнев","DistrictName":"Черниговская область","DistrictId":24},{"Id":324,"Leter":"С","Title":"Селидово","DistrictName":"Донецкая область","DistrictId":5},{"Id":325,"Leter":"С","Title":"Семёновка","DistrictName":"Черниговская область","DistrictId":24},{"Id":326,"Leter":"С","Title":"Середина-Буда","DistrictName":"Сумская область","DistrictId":18},{"Id":327,"Leter":"С","Title":"Синельниково","DistrictName":"Днепропетровская область","DistrictId":4},{"Id":328,"Leter":"С","Title":"Скадовск","DistrictName":"Херсонская область","DistrictId":21},{"Id":329,"Leter":"С","Title":"Скалат","DistrictName":"Тернопольская область","DistrictId":19},{"Id":330,"Leter":"С","Title":"Сквира","DistrictName":"Киевская область","DistrictId":10},{"Id":331,"Leter":"С","Title":"Сколе","DistrictName":"Львовская область","DistrictId":13},{"Id":332,"Leter":"С","Title":"Славута","DistrictName":"Хмельницкая область","DistrictId":22},{"Id":333,"Leter":"С","Title":"Славутич","DistrictName":"Киевская область","DistrictId":10},{"Id":334,"Leter":"С","Title":"Славянск","DistrictName":"Донецкая область","DistrictId":5},{"Id":335,"Leter":"С","Title":"Смела","DistrictName":"Черкасская область","DistrictId":23},{"Id":336,"Leter":"С","Title":"Снежное","DistrictName":"Донецкая область","DistrictId":5},{"Id":337,"Leter":"С","Title":"Снигирёвка","DistrictName":"Николаевская область","DistrictId":14},{"Id":338,"Leter":"С","Title":"Сновск","DistrictName":"Черниговская область","DistrictId":24},{"Id":339,"Leter":"С","Title":"Снятын","DistrictName":"Ивано-Франковская область","DistrictId":9},{"Id":340,"Leter":"С","Title":"Сокаль","DistrictName":"Львовская область","DistrictId":13},{"Id":341,"Leter":"С","Title":"Сокиряны","DistrictName":"Черновицкая область","DistrictId":25},{"Id":342,"Leter":"С","Title":"Соледар","DistrictName":"Донецкая область","DistrictId":5},{"Id":343,"Leter":"С","Title":"Старобельск","DistrictName":"Луганская область","DistrictId":12},{"Id":344,"Leter":"С","Title":"Староконстантинов","DistrictName":"Хмельницкая область","DistrictId":22},{"Id":345,"Leter":"С","Title":"Старый Самбор","DistrictName":"Львовская область","DistrictId":13},{"Id":346,"Leter":"С","Title":"Стаханов (Кадиевка)","DistrictName":"Луганская область","DistrictId":12},{"Id":347,"Leter":"С","Title":"Сторожинец","DistrictName":"Черновицкая область","DistrictId":25},{"Id":348,"Leter":"С","Title":"Стрый","DistrictName":"Львовская область","DistrictId":13},{"Id":349,"Leter":"С","Title":"Сумы","DistrictName":"Сумская область","DistrictId":18},{"Id":350,"Leter":"С","Title":"Суходольск","DistrictName":"Луганская область","DistrictId":12},{"Id":351,"Leter":"С","Title":"Счастье","DistrictName":"Луганская область","DistrictId":12},{"Id":352,"Leter":"Т","Title":"Таврийск","DistrictName":"Херсонская область","DistrictId":21},{"Id":353,"Leter":"Т","Title":"Тальное","DistrictName":"Черкасская область","DistrictId":23},{"Id":354,"Leter":"Т","Title":"Тараща","DistrictName":"Киевская область","DistrictId":10},{"Id":355,"Leter":"Т","Title":"Татарбунары","DistrictName":"Одесская область","DistrictId":15},{"Id":356,"Leter":"Т","Title":"Теплодар","DistrictName":"Одесская область","DistrictId":15},{"Id":357,"Leter":"Т","Title":"Тернополь","DistrictName":"Тернопольская область","DistrictId":19},{"Id":358,"Leter":"Т","Title":"Терновка","DistrictName":"Днепропетровская область","DistrictId":4},{"Id":359,"Leter":"Т","Title":"Тетиев","DistrictName":"Киевская область","DistrictId":10},{"Id":360,"Leter":"Т","Title":"Тысменица","DistrictName":"Ивано-Франковская область","DistrictId":9},{"Id":361,"Leter":"Т","Title":"Тлумач","DistrictName":"Ивано-Франковская область","DistrictId":9},{"Id":362,"Leter":"Т","Title":"Теребовля","DistrictName":"Тернопольская область","DistrictId":19},{"Id":363,"Leter":"Т","Title":"Тростянец","DistrictName":"Сумская область","DistrictId":18},{"Id":364,"Leter":"Т","Title":"Трускавец","DistrictName":"Львовская область","DistrictId":13},{"Id":365,"Leter":"Т","Title":"Токмак","DistrictName":"Запорожская область","DistrictId":8},{"Id":366,"Leter":"Т","Title":"Торез","DistrictName":"Донецкая область","DistrictId":5},{"Id":367,"Leter":"Т","Title":"Торецк","DistrictName":"Донецкая область","DistrictId":5},{"Id":368,"Leter":"Т","Title":"Тульчин","DistrictName":"Винницкая область","DistrictId":2},{"Id":369,"Leter":"Т","Title":"Тячев","DistrictName":"Закарпатская область","DistrictId":7},{"Id":370,"Leter":"У","Title":"Угледар","DistrictName":"Донецкая область","DistrictId":5},{"Id":371,"Leter":"У","Title":"Угнев","DistrictName":"Львовская область","DistrictId":13},{"Id":372,"Leter":"У","Title":"Узин","DistrictName":"Киевская область","DistrictId":10},{"Id":373,"Leter":"У","Title":"Украинка","DistrictName":"Киевская область","DistrictId":10},{"Id":374,"Leter":"У","Title":"Ужгород","DistrictName":"Закарпатская область","DistrictId":7},{"Id":375,"Leter":"У","Title":"Умань","DistrictName":"Черкасская область","DistrictId":23},{"Id":376,"Leter":"У","Title":"Устилуг","DistrictName":"Волынская область","DistrictId":3},{"Id":377,"Leter":"Ф","Title":"Фастов","DistrictName":"Киевская область","DistrictId":10},{"Id":378,"Leter":"Х","Title":"Харцызск","DistrictName":"Донецкая область","DistrictId":5},{"Id":379,"Leter":"Х","Title":"Харьков","DistrictName":"Харьковская область","DistrictId":20},{"Id":380,"Leter":"Х","Title":"Херсон","DistrictName":"Херсонская область","DistrictId":21},{"Id":381,"Leter":"Х","Title":"Хмельник","DistrictName":"Винницкая область","DistrictId":2},{"Id":382,"Leter":"Х","Title":"Хмельницкий","DistrictName":"Хмельницкая область","DistrictId":22},{"Id":383,"Leter":"Х","Title":"Хорол","DistrictName":"Полтавская область","DistrictId":16},{"Id":384,"Leter":"Х","Title":"Хотин","DistrictName":"Черновицкая область","DistrictId":25},{"Id":385,"Leter":"Х","Title":"Христиновка","DistrictName":"Черкасская область","DistrictId":23},{"Id":386,"Leter":"Х","Title":"Хуст","DistrictName":"Закарпатская область","DistrictId":7},{"Id":387,"Leter":"Х","Title":"Хыров","DistrictName":"Львовская область","DistrictId":13},{"Id":388,"Leter":"Ч","Title":"Червоноград","DistrictName":"Львовская область","DistrictId":13},{"Id":389,"Leter":"В","Title":"Вознесеновка","DistrictName":"Луганская область","DistrictId":12},{"Id":390,"Leter":"Ч","Title":"Черноморск","DistrictName":"Одесская область","DistrictId":15},{"Id":391,"Leter":"Ч","Title":"Черкассы","DistrictName":"Черкасская область","DistrictId":23},{"Id":392,"Leter":"Ч","Title":"Чернигов","DistrictName":"Черниговская область","DistrictId":24},{"Id":393,"Leter":"Ч","Title":"Чернобыль","DistrictName":"Киевская область","DistrictId":10},{"Id":394,"Leter":"Ч","Title":"Черновцы","DistrictName":"Черновицкая область","DistrictId":25},{"Id":395,"Leter":"Ч","Title":"Чигирин","DistrictName":"Черкасская область","DistrictId":23},{"Id":396,"Leter":"Ч","Title":"Чоп","DistrictName":"Закарпатская область","DistrictId":7},{"Id":397,"Leter":"Ч","Title":"Чортков","DistrictName":"Тернопольская область","DistrictId":19},{"Id":398,"Leter":"Ч","Title":"Чугуев","DistrictName":"Харьковская область","DistrictId":20},{"Id":399,"Leter":"Ш","Title":"Шаргород","DistrictName":"Винницкая область","DistrictId":2},{"Id":400,"Leter":"Ш","Title":"Шахтёрск","DistrictName":"Донецкая область","DistrictId":5},{"Id":401,"Leter":"Ш","Title":"Шепетовка","DistrictName":"Хмельницкая область","DistrictId":22},{"Id":402,"Leter":"Ш","Title":"Шостка","DistrictName":"Сумская область","DistrictId":18},{"Id":403,"Leter":"Ш","Title":"Шпола","DistrictName":"Черкасская область","DistrictId":23},{"Id":404,"Leter":"Ш","Title":"Шумск","DistrictName":"Тернопольская область","DistrictId":19},{"Id":405,"Leter":"Э","Title":"Энергодар","DistrictName":"Запорожская область","DistrictId":8},{"Id":406,"Leter":"Ю","Title":"Южное","DistrictName":"Одесская область","DistrictId":15},{"Id":407,"Leter":"Ю","Title":"Южноукраинск","DistrictName":"Николаевская область","DistrictId":14},{"Id":408,"Leter":"Я","Title":"Яворов","DistrictName":"Львовская область","DistrictId":13},{"Id":409,"Leter":"Я","Title":"Яготин","DistrictName":"Киевская область","DistrictId":10},{"Id":410,"Leter":"Я","Title":"Ямполь","DistrictName":"Винницкая область","DistrictId":2},{"Id":411,"Leter":"Я","Title":"Яремче","DistrictName":"Ивано-Франковская область","DistrictId":9},{"Id":412,"Leter":"Я","Title":"Ясиноватая","DistrictName":"Донецкая область","DistrictId":5}]
