{
    "status": "success",
    "message": "get_orders response",
    "data": {
        "api": "ats",
        "action": "get_orders",
        "result": [
            {
                "order_id": "62744",
                "wb_number": "20003612",
                "date": "2020-08-21 11:39:05",
                "sum": "3031.44"
            },
            {
                "order_id": "59974",
                "wb_number": "20003277",
                "date": "2020-07-30 12:12:46",
                "sum": "345.02"
            },
            {
                "order_id": "56532",
                "wb_number": "20002831",
                "date": "2020-07-07 11:23:52",
                "sum": "4626.18"
            },
            {
                "order_id": "48994",
                "wb_number": "20001916",
                "date": "2020-05-06 08:21:35",
                "sum": "1927.46"
            },
            {
                "order_id": "47653",
                "wb_number": "20001736",
                "date": "2020-04-21 12:59:33",
                "sum": "392.85"
            },
            {
                "order_id": "47652",
                "wb_number": "20001735",
                "date": "2020-04-21 12:59:10",
                "sum": "3686.01"
            },
            {
                "order_id": "43761",
                "wb_number": "20001289",
                "date": "2020-03-10 16:00:41",
                "sum": "8933.87"
            },
            {
                "order_id": "42108",
                "wb_number": "20001134",
                "date": "2020-03-03 11:52:26",
                "sum": "84.83"
            },
            {
                "order_id": "41881",
                "wb_number": "20001098",
                "date": "2020-03-02 14:18:50",
                "sum": "9171.59"
            },
            {
                "order_id": "40548",
                "wb_number": "20000956",
                "date": "2020-02-25 10:12:15",
                "sum": "7289.90"
            },
            {
                "order_id": "39234",
                "wb_number": "20000788",
                "date": "2020-02-17 14:36:06",
                "sum": "6376.96"
            },
            {
                "order_id": "38705",
                "wb_number": "20000721",
                "date": "2020-02-13 11:38:33",
                "sum": "517.62"
            },
            {
                "order_id": "38469",
                "wb_number": "20000694",
                "date": "2020-02-12 12:39:08",
                "sum": "960.12"
            },
            {
                "order_id": "38467",
                "wb_number": "20000693",
                "date": "2020-02-12 12:38:42",
                "sum": "6643.58"
            },
            {
                "order_id": "38463",
                "wb_number": "20000692",
                "date": "2020-02-12 12:35:02",
                "sum": "743.82"
            },
            {
                "order_id": "38243",
                "wb_number": "20000655",
                "date": "2020-02-11 12:05:26",
                "sum": "836.68"
            },
            {
                "order_id": "37990",
                "wb_number": "20000620",
                "date": "2020-02-10 09:30:26",
                "sum": "9311.39"
            },
            {
                "order_id": "37323",
                "wb_number": "20000555",
                "date": "2020-02-05 14:34:26",
                "sum": "1499.93"
            },
            {
                "order_id": "37054",
                "wb_number": "20000503",
                "date": "2020-02-04 11:22:31",
                "sum": "1845.85"
            },
            {
                "order_id": "36849",
                "wb_number": "20000474",
                "date": "2020-02-03 10:28:11",
                "sum": "4096.87"
            },
            {
                "order_id": "36008",
                "wb_number": "20000372",
                "date": "2020-01-29 08:13:02",
                "sum": "658.90"
            },
            {
                "order_id": "35713",
                "wb_number": "20000332",
                "date": "2020-01-28 08:42:51",
                "sum": "17841.59"
            },
            {
                "order_id": "35538",
                "wb_number": "20000305",
                "date": "2020-01-27 10:03:43",
                "sum": "580.75"
            },
            {
                "order_id": "33355",
                "wb_number": "20000032",
                "date": "2020-01-10 10:29:31",
                "sum": "215.16"
            },
            {
                "order_id": "33166",
                "wb_number": "20000001",
                "date": "2020-01-08 11:31:28",
                "sum": "508.63"
            },
            {
                "order_id": "25720",
                "wb_number": "19002725",
                "date": "2019-11-11 16:16:34",
                "sum": "559.91"
            },
            {
                "order_id": "25214",
                "wb_number": "19002671",
                "date": "2019-11-08 10:59:13",
                "sum": "1637.31"
            },
            {
                "order_id": "25171",
                "wb_number": "19002661",
                "date": "2019-11-08 08:44:02",
                "sum": "251.78"
            },
            {
                "order_id": "24476",
                "wb_number": "19002571",
                "date": "2019-11-04 14:04:22",
                "sum": "231.46"
            },
            {
                "order_id": "24015",
                "wb_number": "19002512",
                "date": "2019-10-31 08:20:55",
                "sum": "173.93"
            },
            {
                "order_id": "23548",
                "wb_number": "19002473",
                "date": "2019-10-29 09:43:43",
                "sum": "140.37"
            },
            {
                "order_id": "23501",
                "wb_number": "19002467",
                "date": "2019-10-29 08:32:28",
                "sum": "3065.81"
            },
            {
                "order_id": "22579",
                "wb_number": "19002363",
                "date": "2019-10-23 09:17:31",
                "sum": "143.65"
            },
            {
                "order_id": "21624",
                "wb_number": "19002229",
                "date": "2019-10-16 13:26:25",
                "sum": "391.06"
            },
            {
                "order_id": "20405",
                "wb_number": "19002084",
                "date": "2019-10-09 10:20:17",
                "sum": "992.85"
            },
            {
                "order_id": "19927",
                "wb_number": "19002015",
                "date": "2019-10-07 11:02:34",
                "sum": "1197.93"
            },
            {
                "order_id": "18404",
                "wb_number": "19001812",
                "date": "2019-09-26 08:10:54",
                "sum": "996.90"
            },
            {
                "order_id": "18102",
                "wb_number": "19001761",
                "date": "2019-09-24 11:55:42",
                "sum": "556.48"
            },
            {
                "order_id": "16761",
                "wb_number": "19001594",
                "date": "2019-09-16 13:42:25",
                "sum": "47.55"
            },
            {
                "order_id": "16492",
                "wb_number": "19001564",
                "date": "2019-09-13 13:19:43",
                "sum": "637.68"
            },
            {
                "order_id": "16401",
                "wb_number": "19001552",
                "date": "2019-09-13 08:27:13",
                "sum": "593.79"
            },
            {
                "order_id": "15988",
                "wb_number": "19001495",
                "date": "2019-09-10 15:31:17",
                "sum": "763.82"
            },
            {
                "order_id": "13935",
                "wb_number": "19001217",
                "date": "2019-08-28 10:45:30",
                "sum": "665.13"
            },
            {
                "order_id": "13263",
                "wb_number": "19001136",
                "date": "2019-08-23 11:59:40",
                "sum": "537.57"
            },
            {
                "order_id": "11559",
                "wb_number": "19000895",
                "date": "2019-08-12 14:25:24",
                "sum": "862.98"
            },
            {
                "order_id": "10908",
                "wb_number": "19000821",
                "date": "2019-08-07 10:59:29",
                "sum": "1225.13"
            },
            {
                "order_id": "9655",
                "wb_number": "19000698",
                "date": "2019-07-29 09:21:50",
                "sum": "5990.55"
            },
            {
                "order_id": "8661",
                "wb_number": "19000603",
                "date": "2019-07-19 13:27:46",
                "sum": "976.76"
            },
            {
                "order_id": "8642",
                "wb_number": "19000602",
                "date": "2019-07-19 13:07:28",
                "sum": "6710.77"
            },
            {
                "order_id": "8574",
                "wb_number": "19000597",
                "date": "2019-07-19 10:00:18",
                "sum": "119.84"
            },
            {
                "order_id": "8463",
                "wb_number": "19000585",
                "date": "2019-07-18 12:00:26",
                "sum": "3431.09"
            },
            {
                "order_id": "8447",
                "wb_number": "19000582",
                "date": "2019-07-18 11:31:19",
                "sum": "2634.07"
            },
            {
                "order_id": "6916",
                "wb_number": "19000471",
                "date": "2019-07-06 12:02:03",
                "sum": "3883.15"
            },
            {
                "order_id": "6915",
                "wb_number": "19000470",
                "date": "2019-07-06 11:58:38",
                "sum": "3230.22"
            },
            {
                "order_id": "6649",
                "wb_number": "19000449",
                "date": "2019-07-04 12:27:08",
                "sum": "754.94"
            },
            {
                "order_id": "6613",
                "wb_number": "19000446",
                "date": "2019-07-04 10:09:50",
                "sum": "619.78"
            },
            {
                "order_id": "6407",
                "wb_number": "19000429",
                "date": "2019-07-03 08:23:55",
                "sum": "2200.71"
            },
            {
                "order_id": "6298",
                "wb_number": "19000419",
                "date": "2019-07-02 11:07:13",
                "sum": "107.03"
            },
            {
                "order_id": "6172",
                "wb_number": "19000409",
                "date": "2019-07-01 16:33:46",
                "sum": "3271.37"
            },
            {
                "order_id": "6171",
                "wb_number": "19000408",
                "date": "2019-07-01 16:31:12",
                "sum": "3327.65"
            },
            {
                "order_id": "6115",
                "wb_number": "19000404",
                "date": "2019-07-01 10:55:24",
                "sum": "5635.01"
            },
            {
                "order_id": "6072",
                "wb_number": "19000399",
                "date": "2019-07-01 08:42:13",
                "sum": "68.93"
            },
            {
                "order_id": "5762",
                "wb_number": "19000378",
                "date": "2019-06-27 09:40:40",
                "sum": "76.19"
            },
            {
                "order_id": "5761",
                "wb_number": "19000377",
                "date": "2019-06-27 09:39:38",
                "sum": "1193.40"
            },
            {
                "order_id": "5728",
                "wb_number": "19000376",
                "date": "2019-06-27 07:53:53",
                "sum": "1531.14"
            },
            {
                "order_id": "5581",
                "wb_number": "19000365",
                "date": "2019-06-26 08:42:58",
                "sum": "2724.07"
            },
            {
                "order_id": "5563",
                "wb_number": "19000364",
                "date": "2019-06-26 07:37:01",
                "sum": "322.07"
            },
            {
                "order_id": "5511",
                "wb_number": "19000361",
                "date": "2019-06-25 12:53:17",
                "sum": "1304.57"
            },
            {
                "order_id": "5400",
                "wb_number": "19000346",
                "date": "2019-06-24 16:00:22",
                "sum": "1894.26"
            },
            {
                "order_id": "5394",
                "wb_number": "19000345",
                "date": "2019-06-24 13:48:16",
                "sum": "477.46"
            },
            {
                "order_id": "5388",
                "wb_number": "19000344",
                "date": "2019-06-24 13:38:42",
                "sum": "3401.29"
            },
            {
                "order_id": "5133",
                "wb_number": "19000335",
                "date": "2019-06-21 12:07:32",
                "sum": "7250.72"
            },
            {
                "order_id": "5131",
                "wb_number": "19000334",
                "date": "2019-06-21 12:03:19",
                "sum": "1174.52"
            },
            {
                "order_id": "4837",
                "wb_number": "19000306",
                "date": "2019-06-19 06:27:38",
                "sum": "1301.30"
            },
            {
                "order_id": "4805",
                "wb_number": "19000294",
                "date": "2019-06-18 13:09:22",
                "sum": "127.43"
            },
            {
                "order_id": "4682",
                "wb_number": "19000290",
                "date": "2019-06-18 06:24:20",
                "sum": "3936.89"
            },
            {
                "order_id": "4161",
                "wb_number": "19000255",
                "date": "2019-06-12 08:12:55",
                "sum": "2757.81"
            },
            {
                "order_id": "4120",
                "wb_number": "19000249",
                "date": "2019-06-11 12:02:11",
                "sum": "848.17"
            },
            {
                "order_id": "4045",
                "wb_number": "19000244",
                "date": "2019-06-11 09:02:17",
                "sum": "3081.11"
            },
            {
                "order_id": "3696",
                "wb_number": "19000218",
                "date": "2019-06-06 09:22:08",
                "sum": "2189.14"
            },
            {
                "order_id": "3574",
                "wb_number": "19000213",
                "date": "2019-06-05 07:55:20",
                "sum": "1455.25"
            },
            {
                "order_id": "3506",
                "wb_number": "19000209",
                "date": "2019-06-04 10:23:36",
                "sum": "931.55"
            },
            {
                "order_id": "3457",
                "wb_number": "19000203",
                "date": "2019-06-04 08:22:57",
                "sum": "83.92"
            },
            {
                "order_id": "3452",
                "wb_number": "19000202",
                "date": "2019-06-04 07:01:35",
                "sum": "868.56"
            },
            {
                "order_id": "3384",
                "wb_number": "19000196",
                "date": "2019-06-03 10:07:06",
                "sum": "1343.79"
            },
            {
                "order_id": "3337",
                "wb_number": "19000192",
                "date": "2019-06-03 08:01:46",
                "sum": "16706.93"
            },
            {
                "order_id": "2565",
                "wb_number": "19000117",
                "date": "2019-05-22 07:57:11",
                "sum": "572.88"
            },
            {
                "order_id": "2472",
                "wb_number": "19000106",
                "date": "2019-05-21 08:04:29",
                "sum": "561.46"
            },
            {
                "order_id": "2379",
                "wb_number": "19000096",
                "date": "2019-05-20 06:27:19",
                "sum": "1931.76"
            },
            {
                "order_id": "2225",
                "wb_number": "19000083",
                "date": "2019-05-16 07:46:28",
                "sum": "1193.96"
            },
            {
                "order_id": "2175",
                "wb_number": "19000075",
                "date": "2019-05-15 08:18:31",
                "sum": "945.19"
            },
            {
                "order_id": "2099",
                "wb_number": "19000067",
                "date": "2019-05-14 06:12:19",
                "sum": "1319.75"
            },
            {
                "order_id": "2065",
                "wb_number": "19000059",
                "date": "2019-05-13 07:18:20",
                "sum": "2879.46"
            },
            {
                "order_id": "1821",
                "wb_number": "19000046",
                "date": "2019-05-08 14:03:22",
                "sum": "853.85"
            },
            {
                "order_id": "1778",
                "wb_number": "19000042",
                "date": "2019-05-08 07:39:51",
                "sum": "1317.76"
            },
            {
                "order_id": "1741",
                "wb_number": "19000040",
                "date": "2019-05-07 10:02:23",
                "sum": "1409.27"
            },
            {
                "order_id": "1630",
                "wb_number": "19000036",
                "date": "2019-05-06 07:34:27",
                "sum": "3166.72"
            },
            {
                "order_id": "1357",
                "wb_number": "19000027",
                "date": "2019-04-30 08:46:33",
                "sum": "2168.63"
            },
            {
                "order_id": "1116",
                "wb_number": "19000022",
                "date": "2019-04-24 09:31:06",
                "sum": "843.37"
            },
            {
                "order_id": "1031",
                "wb_number": "19000013",
                "date": "2019-04-23 07:44:24",
                "sum": "5680.98"
            },
            {
                "order_id": "739",
                "wb_number": "19000007",
                "date": "2019-04-16 14:36:37",
                "sum": "537.21"
            },
            {
                "order_id": "738",
                "wb_number": "19000006",
                "date": "2019-04-16 14:29:05",
                "sum": "1366.34"
            }
        ]
    }
}
